id,institutionCode,collectionCode,ownerInstitutionCode,basisOfRecord,occurrenceID,catalogNumber,otherCatalogNumbers,higherClassification,kingdom,phylum,class,order,family,scientificName,taxonID,scientificNameAuthorship,genus,subgenus,specificEpithet,verbatimTaxonRank,infraspecificEpithet,cultivarEpithet,tradeName,taxonRank,identifiedBy,dateIdentified,identificationReferences,identificationRemarks,taxonRemarks,identificationQualifier,typeStatus,recordedBy,associatedCollectors,recordNumber,eventDate,eventDate2,year,month,day,startDayOfYear,endDayOfYear,verbatimEventDate,occurrenceRemarks,habitat,substrate,verbatimAttributes,behavior,vitality,fieldNumber,eventID,informationWithheld,dataGeneralizations,dynamicProperties,associatedSequences,associatedTaxa,reproductiveCondition,establishmentMeans,cultivationStatus,lifeStage,sex,individualCount,samplingProtocol,preparations,locationID,continent,waterBody,islandGroup,island,country,countryCode,stateProvince,county,municipality,locality,locationRemarks,recordSecurity,securityReason,decimalLatitude,decimalLongitude,geodeticDatum,coordinateUncertaintyInMeters,verbatimCoordinates,georeferencedBy,georeferenceProtocol,georeferenceSources,georeferenceVerificationStatus,georeferenceRemarks,minimumElevationInMeters,maximumElevationInMeters,minimumDepthInMeters,maximumDepthInMeters,verbatimDepth,verbatimElevation,disposition,language,recordEnteredBy,modified,sourcePrimaryKey-dbpk,collID,recordID,references,cleanName,calcLat,calcLon,geographicPrecision,genusSpecies,Scientific Name,State Rank,Global Rank,Federal Status
32173294,CSU,,,PreservedSpecimen,4b5b2396-fc8c-11e7-8bd3-1745e4a03bb3,,CSU8854,Plantae|Spermatophyta|Tracheophyta|Magnoliophyta|Eudicots|Core Eudicots|Lamiids|Asterids|Lamiales|Orobanchaceae|Agalinis,Plantae,Magnoliophyta,,Lamiales,Orobanchaceae,Agalinis tenuifolia,17851.0,(Vahl) Raf.,Agalinis,,tenuifolia,,,,,Species,,,,,,,,M. Hamilton,,201,9/24/1994,,1994.0,9.0,24.0,267.0,,,,,,,,,,,,,,,,,,,,,,,,,,,,,United States,US,Oklahoma,Atoka,,"Lane; on Hwy 3, 5.7 mi N of Lane",,0,,34.37371996,-96.03782593,,5000.0,,,,,False,Needs to be georeferenced. Coordinates based on county centroid. (OVPD),,,,,,,,,DLW (OVPD),3/30/2021 0:00,CSU8854,538,2e44ce05-3d9e-40e8-8249-a69a36132751,https://portal.torcherbaria.org/portal/collections/individual/index.php?occid=32173294,Atoka,34.37371996,-96.03782593,False,Agalinis tenuifolia,Agalinis tenuifolia,S2,G5,
32173295,CSU,,,PreservedSpecimen,4b5b4aa6-fc8c-11e7-a111-af848f1c2f91,,CSU8855,Plantae|Spermatophyta|Tracheophyta|Magnoliophyta|Eudicots|Core Eudicots|Lamiids|Asterids|Lamiales|Orobanchaceae|Agalinis,Plantae,Magnoliophyta,,Lamiales,Orobanchaceae,Agalinis tenuifolia,17851.0,(Vahl) Raf.,Agalinis,,tenuifolia,,,,,Species,,,,,,,,M. Hamilton,,201,9/24/1994,,1994.0,9.0,24.0,267.0,,,,,,,,,,,,,,,,,,,,,,,,,,,,,United States,US,Oklahoma,Atoka,,"Lane; on Hwy 3, 5.7 mi N of Lane",,0,,34.37371996,-96.03782593,,5000.0,,,,,False,Needs to be georeferenced. Coordinates based on county centroid. (OVPD),,,,,,,,,DLW (OVPD),3/30/2021 0:00,CSU8855,538,2f5b4743-df3c-415d-85a0-6098aa37d786,https://portal.torcherbaria.org/portal/collections/individual/index.php?occid=32173295,Atoka,34.37371996,-96.03782593,False,Agalinis tenuifolia,Agalinis tenuifolia,S2,G5,
32173296,CSU,,,PreservedSpecimen,4b5afc86-fc8c-11e7-b048-cf08f997048c,,CSU8856,Plantae|Spermatophyta|Tracheophyta|Magnoliophyta|Eudicots|Core Eudicots|Lamiids|Asterids|Lamiales|Orobanchaceae|Agalinis,Plantae,Magnoliophyta,,Lamiales,Orobanchaceae,Agalinis tenuifolia,17851.0,(Vahl) Raf.,Agalinis,,tenuifolia,,,,,Species,,,,,,,,L. Armstrong,,133,9/24/1994,,1994.0,9.0,24.0,267.0,,,,on roadside,,,,,,,,,,,,,,,,,,,,,,,,,United States,US,Oklahoma,Atoka,,"Lane; Hwy 3, 5.7 mi N of Lane",,0,,34.37371996,-96.03782593,,5000.0,,,,,False,Needs to be georeferenced. Coordinates based on county centroid. (OVPD),,,,,,,,,DLW (OVPD),3/30/2021 0:00,CSU8856,538,3e900d49-98c5-475b-95a5-91507eb35da0,https://portal.torcherbaria.org/portal/collections/individual/index.php?occid=32173296,Atoka,34.37371996,-96.03782593,False,Agalinis tenuifolia,Agalinis tenuifolia,S2,G5,
32173297,CSU,,,PreservedSpecimen,296b821c-fc8c-11e7-935f-6b9b71ab2e63,,CSU8857,Plantae|Spermatophyta|Tracheophyta|Magnoliophyta|Eudicots|Core Eudicots|Lamiids|Asterids|Lamiales|Orobanchaceae|Agalinis,Plantae,Magnoliophyta,,Lamiales,Orobanchaceae,Agalinis tenuifolia,17851.0,(Vahl) Raf.,Agalinis,,tenuifolia,,,,,Species,,,,,,,,C. Clarke,,101,9/24/1994,,1994.0,9.0,24.0,267.0,,,,,,,,,,,,,,,,,,,,,,,,,,,,,United States,US,Oklahoma,Atoka,,"Lane; on Hwy 3, 5.7 mi N of Lane",,0,,34.37371996,-96.03782593,,5000.0,,,,,False,Needs to be georeferenced. Coordinates based on county centroid. (OVPD),,,,,,,,,DLW (OVPD),3/30/2021 0:00,CSU8857,538,f53e47fc-5b11-45dc-91f8-5350d4738335,https://portal.torcherbaria.org/portal/collections/individual/index.php?occid=32173297,Atoka,34.37371996,-96.03782593,False,Agalinis tenuifolia,Agalinis tenuifolia,S2,G5,
33225181,CSU,,,PreservedSpecimen,,CSU117505,CSU18944,Plantae|Spermatophyta|Tracheophyta|Magnoliophyta|Eudicots|Core Eudicots|Lamiids|Asterids|Lamiales|Lamiaceae|Monarda,Plantae,Magnoliophyta,,Lamiales,Lamiaceae,Monarda pectinata,994.0,Nutt.,Monarda,,pectinata,,,,,Species,Grace Payne,6/6/2021,,,,,,Grace Payne,,40,6/6/2021,,2021.0,6.0,6.0,157.0,,6/6/2021,flowering,"open prairie, north roadside, loam",loam,spotted lower lip,,,,,,,,,Plantago patagonica,,,,,,,,,,,,,,United States,US,Oklahoma,Beaver,,Beaver Wildlife Management Area; 1.5 mi W of Hollow E0113 and 0.5mi S on NS1290,,0,,36.8378,-100.7284,,,36.8378 -100.7284,,,,,,,,,,,,,,Sshort,6/28/2025 0:20,,538,f9659216-50ff-4687-ac9d-fdc00ae8e36d,https://portal.torcherbaria.org/portal/collections/individual/index.php?occid=33225181,Beaver,36.8378,-100.7284,Assigned,Monarda pectinata,Monarda pectinata,S3,G5,
32166663,CSU,,,PreservedSpecimen,510a25d0-fc8c-11e7-8408-c7ed2f36b9a2,,CSU2455,Plantae|Spermatophyta|Tracheophyta|Magnoliophyta|Eudicots|Core Eudicots|Campanulids|Asterids|Asterales|Asteraceae|Hymenopappus|Hymenopappus filifolius,Plantae,Magnoliophyta,,Asterales,Asteraceae,Hymenopappus filifolius var. cinereus,13196.0,(Rydb.) I.M. Johnston,Hymenopappus,,filifolius,var.,cinereus,,,Variety,,,,,,,,M. Malone,,56,7/5/1992,,1992.0,7.0,5.0,187.0,,,,"top gypsum mesa, approaching xeric; scattered with junipers, bare soil/rock, and other herbs, grasses; uncommon",,,,,,,,,,,,,,,,,,,,,,,,,United States,US,Oklahoma,Blaine,,Roman Nose State Park; N of lake in Roman Nose State Park,,0,,35.87525118,-98.43345582,,5000.0,,,,,False,Needs to be georeferenced. Coordinates based on county centroid. (OVPD),,,,,,,,,DLW (OVPD),3/30/2021 0:00,CSU2455,538,a386e9a0-8393-4b81-ac98-0ca68204c432,https://portal.torcherbaria.org/portal/collections/individual/index.php?occid=32166663,Blaine,35.87525118,-98.43345582,False,Hymenopappus filifolius var. cinereus,Hymenopappus filifolius var. cinereus,S1,G5T4T5,
32169760,CSU,,,PreservedSpecimen,0a663a42-fc8c-11e7-9bee-a7794c9cafaf,,CSU5466,Plantae|Spermatophyta|Tracheophyta|Magnoliophyta|Eudicots|Core Eudicots|Lamiids|Asterids|Lamiales|Lamiaceae|Monarda,Plantae,Magnoliophyta,,Lamiales,Lamiaceae,Monarda pectinata,994.0,Nutt.,Monarda,,pectinata,,,,,Species,,,,,,,,V. Luick,,s.n.,8/1/1938,,1938.0,8.0,1.0,213.0,,,,sandy soil; prairie,,,,,,,,,,,,,,,,,,,,,,,,,United States,US,Oklahoma,Blaine,,Blaine County,,0,,35.87525118,-98.43345582,,5000.0,,,,,False,Needs to be georeferenced. Coordinates based on county centroid. (OVPD),,,,,,,,,VCK (OVPD),3/30/2021 0:00,CSU5466,538,1091255b-5408-490d-9c88-adb4db9f16fe,https://portal.torcherbaria.org/portal/collections/individual/index.php?occid=32169760,Blaine,35.87525118,-98.43345582,False,Monarda pectinata,Monarda pectinata,S3,G5,
32173339,CSU,,,PreservedSpecimen,3952c938-fc8c-11e7-8c16-13aedd731d93,,CSU8895,Plantae|Spermatophyta|Tracheophyta|Magnoliophyta|Eudicots|Core Eudicots|Lamiids|Asterids|Lamiales|Plantaginaceae|Penstemon,Plantae,Magnoliophyta,,Lamiales,Plantaginaceae,Penstemon grandiflorus,18532.0,Nutt.,Penstemon,,grandiflorus,,,,,Species,,,,,,,,W. S. Myers,,447,5/13/1926,,1926.0,5.0,13.0,133.0,,,,sandy soil,,,,,,,,,,,,,,,,,,,,,,,,,United States,US,Oklahoma,Blaine,,unknown,,0,,35.87525118,-98.43345582,,5000.0,,,,,False,Needs to be georeferenced. Coordinates based on county centroid. (OVPD),,,,,,,,,DLW (OVPD),3/30/2021 0:00,CSU8895,538,2b8ade9b-e514-457f-8f44-711893202d92,https://portal.torcherbaria.org/portal/collections/individual/index.php?occid=32173339,Blaine,35.87525118,-98.43345582,False,Penstemon grandiflorus,Penstemon grandiflorus,S1,G5?,
32173337,CSU,,,PreservedSpecimen,39525408-fc8c-11e7-a474-330918eb0af9,,CSU8893,Plantae|Spermatophyta|Tracheophyta|Magnoliophyta|Eudicots|Core Eudicots|Lamiids|Asterids|Lamiales|Plantaginaceae|Penstemon,Plantae,Magnoliophyta,,Lamiales,Plantaginaceae,Penstemon grandiflorus,18532.0,Nutt.,Penstemon,,grandiflorus,,,,,Species,,,,,,,,L. R. Wilson,,997,5/12/1962,,1962.0,5.0,12.0,132.0,,,,,,,,,,,,,,,,,,,,,,,,,,,,,United States,US,Oklahoma,Caddo,,"Hinton; S of Hinton, Canadian-Caddo County line",,0,,35.4095318,-98.3118701,WGS84,500.0,,Daniela Kosnacova (OVPD),,Google Earth,True,Coordinates derived via geocoding. Coordinates taken from the upper end of the Devil's/Caddo Canyon on the Caddo county side. (OVPD),,,,,,,,,DLW (OVPD),7/8/2021 0:00,CSU8893,538,301d7593-c19d-4712-9e3f-2dfdd2dbfce1,https://portal.torcherbaria.org/portal/collections/individual/index.php?occid=32173337,Caddo,35.4095318,-98.3118701,True,Penstemon grandiflorus,Penstemon grandiflorus,S1,G5?,
32168374,CSU,,,PreservedSpecimen,362041fa-fc8c-11e7-aef4-573feb09426f,,CSU425,Plantae|Spermatophyta|Tracheophyta|Magnoliophyta|Eudicots|Core Eudicots|Lamiids|Asterids|Gentianales|Apocynaceae|Asclepias,Plantae,Magnoliophyta,,Gentianales,Apocynaceae,Asclepias oenotheroides,17935.0,Schltdl. & Cham.,Asclepias,,oenotheroides,,,,,Species,,,,,,,,G. Hoggard,,86,7/27/1994,,1994.0,7.0,27.0,208.0,,,,Disturbed pasture; mixed grasses and forbes; sandy loam; xeric,,Greenish white flowers,,,,,,,,,,,,,,,,,,,,,,,United States,US,Oklahoma,Canadian,,Edmond; 0.5 mi N of Edmond Road on Morgan Road,,0,,35.54244528,-97.98237846,,5000.0,,,,,False,Needs to be georeferenced. Coordinates based on county centroid. (OVPD),,,,,,,,,HRR (OVPD),3/30/2021 0:00,CSU425,538,57819d7d-fed5-4d11-806e-e0bd021b7374,https://portal.torcherbaria.org/portal/collections/individual/index.php?occid=32168374,Canadian,35.54244528,-97.98237846,False,Asclepias oenotheroides,Asclepias oenotheroides,S1,G4G5,
32174157,CSU,,,PreservedSpecimen,fb86ca14-fc8b-11e7-b3a2-733df0fc41b2,,CSU9619,Plantae|Spermatophyta|Tracheophyta|Magnoliophyta|Eudicots|Core Eudicots|Fabids|Rosids|Rosales|Urticaceae|Urtica,Plantae,Magnoliophyta,,Rosales,Urticaceae,Urtica chamaedryoides,28575.0,Pursh,Urtica,,chamaedryoides,,,,,Species,,,,,,,,R. Bebb,,3860,4/29/1939,,1939.0,4.0,29.0,119.0,,,,in woods,,,,,,,,,,,,,,,,,,,,,,,,,United States,US,Oklahoma,Cherokee,,Tahlequah; 5 mi E of Tahlequah,,0,,35.90662041,-94.9996714,,5000.0,,,,,False,Needs to be georeferenced. Coordinates based on county centroid. (OVPD),,,,,,,,,DLW (OVPD),3/30/2021 0:00,CSU9619,538,d5c40017-5603-44e6-b0a9-a19e81ef4bfd,https://portal.torcherbaria.org/portal/collections/individual/index.php?occid=32174157,Cherokee,35.90662041,-94.9996714,False,Urtica chamaedryoides,Urtica chamaedryoides,S3,G4G5,
32174498,CSU,,,PreservedSpecimen,38f05c76-fc8c-11e7-b05c-778251891a1f,,CSU9936,Plantae|Spermatophyta|Tracheophyta|Magnoliophyta|Eudicots|Core Eudicots|Vitales|Vitaceae|Vitis,Plantae,Magnoliophyta,,Vitales,Vitaceae,Vitis rupestris,105342.0,Scheele,Vitis,,rupestris,,,,,Species,,,,,,,,Angros Lee H.,,49,7/2/1988,,1988.0,7.0,2.0,184.0,,,,"soft composite soil to clay loam, ranging from moist to dry",,,,,,,,,,,,,,,,,,,,,,,,,United States,US,Oklahoma,Cherokee,,"Tahlequah; Tahlequah, 2 mi E on Marble City Road and Hwy 82 and 100",,0,,35.90662041,-94.9996714,,5000.0,,,,,False,Needs to be georeferenced. Coordinates based on county centroid. (OVPD),,,,,,,,,DLW (OVPD),3/30/2021 0:00,CSU9936,538,9d5fdb4b-e2be-424f-a883-3bc7a8b06c35,https://portal.torcherbaria.org/portal/collections/individual/index.php?occid=32174498,Cherokee,35.90662041,-94.9996714,False,Vitis rupestris,Vitis rupestris,S2,G3,
32168363,CSU,,,PreservedSpecimen,362041fa-fc8c-11e7-81df-1f762be2d3e9,,CSU424,Plantae|Spermatophyta|Tracheophyta|Magnoliophyta|Eudicots|Core Eudicots|Lamiids|Asterids|Gentianales|Apocynaceae|Asclepias,Plantae,Magnoliophyta,,Gentianales,Apocynaceae,Asclepias macrotis,3765.0,Torr.,Asclepias,,macrotis,,,,,Species,,,,,,,,D. Demaree,,13336,7/28/1928,,1928.0,7.0,28.0,210.0,,,,,,,,,,,,,,,,,,,,,,,,,,,,,United States,US,Oklahoma,Cimarron,,Kenton; Black Mesa in Kenton,,0,,36.74830761,-102.5177062,,5000.0,,,,,False,Needs to be georeferenced. Coordinates based on county centroid. (OVPD),,,,,,,,,HRR (OVPD),3/30/2021 0:00,CSU424,538,822f609e-22a1-4276-9af8-99069e8cfa95,https://portal.torcherbaria.org/portal/collections/individual/index.php?occid=32168363,Cimarron,36.74830761,-102.5177062,False,Asclepias macrotis,Asclepias macrotis,S1,G4,
32170244,CSU,,,PreservedSpecimen,37f270c0-fc8c-11e7-abc8-831bc2a5c092,,CSU5903,Plantae|Spermatophyta|Tracheophyta|Magnoliophyta|Eudicots|Core Eudicots|Fabids|Rosids|Fabales|Fabaceae|Dalea,Plantae,Magnoliophyta,,Fabales,Fabaceae,Dalea formosa,1546.0,Torr.,Dalea,,formosa,,,,,Species,,,,,,,,S. Stevens,,2,5/15/1988,,1988.0,5.0,15.0,136.0,,,,On the side of a mesa; rocky dry scrubby area,,,,,,,,,,,,,,,,,,,,,,,,,United States,US,Oklahoma,Cimarron,,Black Mesa State Park; NW of Black Mesa State Park,,0,,36.74830761,-102.5177062,,5000.0,,,,,False,Needs to be georeferenced. Coordinates based on county centroid. (OVPD),,,,,,,,,HRR (OVPD),3/30/2021 0:00,CSU5903,538,c511ab97-ff26-4fdb-8f81-c23495d4d8df,https://portal.torcherbaria.org/portal/collections/individual/index.php?occid=32170244,Cimarron,36.74830761,-102.5177062,False,Dalea formosa,Dalea formosa,S2,G5,
32172412,CSU,,,PreservedSpecimen,38a7e0b8-fc8c-11e7-a81c-1bc205b28542,,CSU8034,Plantae|Spermatophyta|Tracheophyta|Magnoliophyta|Eudicots|Core Eudicots|Caryophyllales|Polygonaceae|Eriogonum,Plantae,Magnoliophyta,,Caryophyllales,Polygonaceae,Eriogonum jamesii,3489.0,Benth.,Eriogonum,,jamesii,,,,,Species,,,,,,,,D. Demaree,,13356,7/28/1936,,1936.0,7.0,28.0,210.0,,,,soil pockets in rocks,,big leaves,,,,,,,,,,,,,,,,,,,,,,,United States,US,Oklahoma,Cimarron,,"Kenton; Black Mesa region, Kenton",,0,,36.74830761,-102.5177062,,5000.0,,,,,False,Needs to be georeferenced. Coordinates based on county centroid. (OVPD),,,,,,,,,DLW (OVPD),3/30/2021 0:00,CSU8034,538,f16eddc7-b4bb-415f-a50f-a22b02b32b44,https://portal.torcherbaria.org/portal/collections/individual/index.php?occid=32172412,Cimarron,36.74830761,-102.5177062,False,Eriogonum jamesii,Eriogonum jamesii,S1,G5,
32172413,CSU,,,PreservedSpecimen,38a7e0b8-fc8c-11e7-a32f-13249bf0f9d7,,CSU8035,Plantae|Spermatophyta|Tracheophyta|Magnoliophyta|Eudicots|Core Eudicots|Caryophyllales|Polygonaceae|Eriogonum,Plantae,Magnoliophyta,,Caryophyllales,Polygonaceae,Eriogonum jamesii,3489.0,Benth.,Eriogonum,,jamesii,,,,,Species,,,,,,,,S. Stevens,,106,5/16/1988,,1988.0,5.0,16.0,137.0,,,,in grassland and rocky area,,,,,,,,,,,,,,,,,,,,,,,,,United States,US,Oklahoma,Cimarron,,Black Mesa State Park; at entrance to Black Mesa State Park,,0,,36.74830761,-102.5177062,,5000.0,,,,,False,Needs to be georeferenced. Coordinates based on county centroid. (OVPD),,,,,,,,,DLW (OVPD),3/30/2021 0:00,CSU8035,538,7d8e8695-813f-4088-b74d-a82ccc083286,https://portal.torcherbaria.org/portal/collections/individual/index.php?occid=32172413,Cimarron,36.74830761,-102.5177062,False,Eriogonum jamesii,Eriogonum jamesii,S1,G5,
32170730,CSU,,,PreservedSpecimen,3875ac6a-fc8c-11e7-8f3a-978db5d1ac23,,CSU6348,Plantae|Spermatophyta|Tracheophyta|Magnoliophyta|Eudicots|Core Eudicots|Fabids|Rosids|Rosales|Rhamnaceae|Rhamnus,Plantae,Magnoliophyta,,Rosales,Rhamnaceae,Rhamnus lanceolata,98001.0,Pursh,Rhamnus,,lanceolata,,,,,Species,,,,,,,,M. Hopkins,,519,6/27/1936,,1936.0,6.0,27.0,179.0,,,,,,,,,,,,,,,,,,,,,,,,,,,,,United States,US,Oklahoma,Cleveland,,Norman; 4 mi E of Norman,,0,,35.20311804,-97.32668148,,5000.0,,,,,False,Needs to be georeferenced. Coordinates based on county centroid. (OVPD),,,,,,,,,VCK (OVPD),3/30/2021 0:00,CSU6348,538,30bf0929-e743-45f3-8a9f-91c6a67d779c,https://portal.torcherbaria.org/portal/collections/individual/index.php?occid=32170730,Cleveland,35.20311804,-97.32668148,False,Rhamnus lanceolata,Rhamnus lanceolata,S1,G5,
32171611,CSU,,,PreservedSpecimen,582c6c92-fc8c-11e7-a7d3-cf3665e9fb60,,CSU7233,Plantae|Spermatophyta|Tracheophyta|Magnoliophyta|Eudicots|Core Eudicots|Malvids|Rosids|Myrtales|Onagraceae|Ludwigia,Plantae,Magnoliophyta,,Myrtales,Onagraceae,Ludwigia hirtella,90073.0,Raf.,Ludwigia,,hirtella,,,,,Species,,,,,,,,P. Freimuth,,96,7/10/1988,,1988.0,7.0,10.0,192.0,,,,sandy moist clay,,flowers are yellow the sepals are greenish-red,,,,,,,,,,,,,,,,,,,,,,,United States,US,Oklahoma,Cleveland,,Road jct; 1 mi S of jct of Westminster Avenue and Stanley Draper Road on Draper Road,,0,,35.20311804,-97.32668148,,5000.0,,,,,False,Needs to be georeferenced. Coordinates based on county centroid. (OVPD),,,,,,,,,DLW (OVPD),3/30/2021 0:00,CSU7233,538,ecfced85-baf8-4328-9d57-54f7de706dfe,https://portal.torcherbaria.org/portal/collections/individual/index.php?occid=32171611,Cleveland,35.20311804,-97.32668148,False,Ludwigia hirtella,Ludwigia hirtella,SH,G5,
32173318,CSU,,,PreservedSpecimen,3951b7c8-fc8c-11e7-a3ec-4f7e2bd7ec13,,CSU8876,Plantae|Spermatophyta|Tracheophyta|Magnoliophyta|Eudicots|Core Eudicots|Lamiids|Asterids|Lamiales|Phrymaceae|Mimulus,Plantae,Magnoliophyta,,Lamiales,Phrymaceae,Mimulus glabratus,3131.0,Kunth,Mimulus,,glabratus,,,,,Species,,,,,,,,Dayel,,44,4/15/1926,,1926.0,4.0,15.0,105.0,,,,in water or wet places,,,,,,,,,,,,,,,,,,,,,,,,,United States,US,Oklahoma,Cleveland,,Norman; river S of Norman,,0,,35.20311804,-97.32668148,,5000.0,,,,,False,Needs to be georeferenced. Coordinates based on county centroid. (OVPD),,,,,,,,,DLW (OVPD),3/30/2021 0:00,CSU8876,538,fdc1f838-07ab-4d63-9adc-ed621e0f87dc,https://portal.torcherbaria.org/portal/collections/individual/index.php?occid=32173318,Cleveland,35.20311804,-97.32668148,False,Mimulus glabratus,Mimulus glabratus,S2,G5,
32164489,CSU,,,PreservedSpecimen,39865d20-fc8c-11e7-9371-fb57ceb93117,,CSU10040,Plantae|Tracheophyta|Pteridophyta|Polypodiopsida|Polypodiales|Pteridaceae|Cheilanthes,Plantae,Pteridophyta,Polypodiopsida,Polypodiales,Pteridaceae,Cheilanthes wootonii,1859.0,Maxon,Cheilanthes,,wootonii,,,,,Species,,,,,,,,L. Gould,,s.n.,6/7/1929,,1929.0,6.0,7.0,158.0,,,,crevice in granite rock,,,,,,,,,,,,,,,,,,,,,,,,,United States,US,Oklahoma,Comanche,,"Wichita Mountains; near Camp Boulder, Wichita Mountains",,0,,34.66210125,-98.47166126,,5000.0,,,,,False,Needs to be georeferenced. Coordinates based on county centroid. (OVPD),,,,,,,,,DLW (OVPD),3/30/2021 0:00,CSU10040,538,8f9eb8ec-3679-4e03-8d80-99c8d0bb5b82,https://portal.torcherbaria.org/portal/collections/individual/index.php?occid=32164489,Comanche,34.66210125,-98.47166126,False,Cheilanthes wootonii,Cheilanthes wootonii,S1,G5,
32167515,CSU,,,PreservedSpecimen,3720509a-fc8c-11e7-beb8-8fcde976b3ea,,CSU3452,Plantae|Spermatophyta|Tracheophyta|Magnoliophyta|Eudicots|Core Eudicots|Lamiids|Asterids|Solanales|Convolvulaceae|Ipomoea,Plantae,Magnoliophyta,,Solanales,Convolvulaceae,Ipomoea shumardiana,87701.0,(Torr.) Shinners,Ipomoea,,shumardiana,,,,,Species,,,,,,,,H. Kihega,,68,7/11/1992,,1992.0,7.0,11.0,193.0,,,,,,heart shaped leaf blades; white to pink flowers; purplish stripes,,,,,,,,,,,,,,,,,,,,,,,United States,US,Oklahoma,Comanche,,"Meers; 0.25 mi S of Hwy 58 and Meers Road, junction",,0,,34.66210125,-98.47166126,,5000.0,,,,,False,Needs to be georeferenced. Coordinates based on county centroid. (OVPD),,,,,,,,,VCK (OVPD),3/30/2021 0:00,CSU3452,538,e904e195-f4ad-449e-a26f-69b146e06184,https://portal.torcherbaria.org/portal/collections/individual/index.php?occid=32167515,Comanche,34.66210125,-98.47166126,False,Ipomoea shumardiana,Ipomoea shumardiana,S2,G2,
32170245,CSU,,,PreservedSpecimen,37f249b0-fc8c-11e7-ac42-f74a4562e5a3,,CSU5904,Plantae|Spermatophyta|Tracheophyta|Magnoliophyta|Eudicots|Core Eudicots|Fabids|Rosids|Fabales|Fabaceae|Dalea,Plantae,Magnoliophyta,,Fabales,Fabaceae,Dalea frutescens,17048.0,A.Gray,Dalea,,frutescens,,,,,Species,,,,,,,,C. Tate,,s.n.,9/19/1926,,1926.0,9.0,19.0,262.0,,,,,,,,,,,,,,,,,,,,,,,,,,,,,United States,US,Oklahoma,Comanche,,Medicine Park,,0,,34.66210125,-98.47166126,,5000.0,,,,,False,Needs to be georeferenced. Coordinates based on county centroid. (OVPD),,,,,,,,,HRR (OVPD),3/30/2021 0:00,CSU5904,538,4b55f0c7-a9c9-40c5-8156-cbee5f5e6683,https://portal.torcherbaria.org/portal/collections/individual/index.php?occid=32170245,Comanche,34.66210125,-98.47166126,False,Dalea frutescens,Dalea frutescens,S2,G5,
32172527,CSU,,,PreservedSpecimen,38c8d6ba-fc8c-11e7-a7c4-5b7d7348224b,,CSU8142,Plantae|Spermatophyta|Tracheophyta|Magnoliophyta|Eudicots|Core Eudicots|Caryophyllales|Polygonaceae|Rumex,Plantae,Magnoliophyta,,Caryophyllales,Polygonaceae,Rumex verticillatus,18667.0,L.,Rumex,,verticillatus,,,,,Species,,,,,,,,D. J. Brown,,53,6/20/1992,,1992.0,6.0,20.0,172.0,,,,,,Leaves are very green with small yellow flowers at top,,,,,,,,,,,,,,,,,,,,,,,United States,US,Oklahoma,Comanche,,Lawton; intersection of 26th Street and Apache Road in Lawton,,0,,34.66210125,-98.47166126,,5000.0,,,,,False,Needs to be georeferenced. Coordinates based on county centroid. (OVPD),,,,,,,,,HRR (OVPD),3/30/2021 0:00,CSU8142,538,b56f49ce-6b8a-428b-b180-813f4204220c,https://portal.torcherbaria.org/portal/collections/individual/index.php?occid=32172527,Comanche,34.66210125,-98.47166126,False,Rumex verticillatus,Rumex verticillatus,S3,G5,
32173833,CSU,,,PreservedSpecimen,2802ec26-fc8c-11e7-9133-674973591644,,CSU932,Plantae|Spermatophyta|Tracheophyta|Magnoliophyta|Eudicots|Core Eudicots|Malvids|Rosids|Brassicales|Cleomaceae|Cleomella,Plantae,Magnoliophyta,,Brassicales,Cleomaceae,Cleomella angustifolia,78479.0,Torr.,Cleomella,,angustifolia,,,,,Species,,,,,,,,W. S. Meyers,,s.n.,9/19/1926,,1926.0,9.0,19.0,262.0,,,,,,,,,,,,,,,,,,,,,,,,,,,,,United States,US,Oklahoma,Comanche,,Medicine Park,,0,,34.66210125,-98.47166126,,5000.0,,,,,False,Needs to be georeferenced. Coordinates based on county centroid. (OVPD),,,,,,,,,HRR (OVPD),3/30/2021 0:00,CSU932,538,95afb398-f467-460f-a068-3667381167ce,https://portal.torcherbaria.org/portal/collections/individual/index.php?occid=32173833,Comanche,34.66210125,-98.47166126,False,Cleomella angustifolia,Cleomella angustifolia,S3,G5,
32168228,CSU,,,PreservedSpecimen,0d13b10c-fc8c-11e7-810a-3b792b522543,,CSU4117,Plantae|Spermatophyta|Tracheophyta|Gnetophyta|Gnetopsida|Ephedrales|Ephedraceae|Ephedra,Plantae,Gnetophyta,Gnetopsida,Ephedrales,Ephedraceae,Ephedra antisyphilitica,45461.0,Berland. ex C.A.Mey.,Ephedra,,antisyphilitica,,,,,Species,,,,,,,,G. Pottz,,309,7/4/1941,,1941.0,7.0,4.0,185.0,,,,dry sandstone ledges,,,,,,,,,,,,,,,,,,,,,,,,,United States,US,Oklahoma,Cotton,,"Randlett; Red River, just S of Randlett",,0,,34.108839,-98.531868,WGS84,1000.0,,Daniela Kosnacova (OVPD),,Google Earth,True,"Coordinates derived via geocoding at N side of the I-44 bridge over the Red River SW of Randlett. Coordinates derived from that location based on the significant amount of entries beign recorded around that location. However, alterantive location is direc",,,,,,,,,vck (OVPD),7/7/2021 0:00,CSU4117,538,d03a0a60-094a-4619-aefe-1b684cc1a573,https://portal.torcherbaria.org/portal/collections/individual/index.php?occid=32168228,Cotton,34.108839,-98.531868,True,Ephedra antisyphilitica,Ephedra antisyphilitica,S2,G3G4,
32174122,CSU,,,PreservedSpecimen,395fe8ca-fc8c-11e7-a5da-ab721a20673c,,CSU9588,Plantae|Spermatophyta|Tracheophyta|Magnoliophyta|Eudicots|Core Eudicots|Lamiids|Asterids|Gentianales|Rubiaceae|Galium,Plantae,Magnoliophyta,,Gentianales,Rubiaceae,Galium arkansanum,84933.0,A. Gray,Galium,,arkansanum,,,,,Species,,,,,,,,G. J. Goodman,,5529,7/30/1952,,1952.0,7.0,30.0,212.0,,,,steep N sloping wooded hillside,,,,,,,,,,,,,,,,,,,,,,,,,United States,US,Oklahoma,Delaware,,Spavinaw Creek; near SH 10 about 0.5 mi S of Spavinaw Creek bridge,,0,,36.40822292,-94.80265316,,5000.0,,,,,False,Needs to be georeferenced. Coordinates based on county centroid. (OVPD),,,,,,,,,DLW (OVPD),3/30/2021 0:00,CSU9588,538,b49b6175-ed6f-490b-a47a-151f704a3031,https://portal.torcherbaria.org/portal/collections/individual/index.php?occid=32174122,Delaware,36.40822292,-94.80265316,False,Galium arkansanum,Galium arkansanum,S2,G5,
32173338,CSU,,,PreservedSpecimen,39525408-fc8c-11e7-b3f3-d322ab5b1798,,CSU8894,Plantae|Spermatophyta|Tracheophyta|Magnoliophyta|Eudicots|Core Eudicots|Lamiids|Asterids|Lamiales|Plantaginaceae|Penstemon,Plantae,Magnoliophyta,,Lamiales,Plantaginaceae,Penstemon grandiflorus,18532.0,Nutt.,Penstemon,,grandiflorus,,,,,Species,,,,,,,,U. T. Waterfall,,3646,5/16/1942,,1942.0,5.0,16.0,136.0,,,,in sandy soil in edge of post oak-blackjack woods,,,,,,,,,,,,,,,,,,,,,,,,,United States,US,Oklahoma,Grady,,Chickasha; 18 mi S of Chickasha,,0,,35.01694122,-97.88410928,,5000.0,,,,,False,Needs to be georeferenced. Coordinates based on county centroid. (OVPD),,,,,,,,,DLW (OVPD),3/30/2021 0:00,CSU8894,538,99c8b50d-1406-4077-9c5c-6391ccd9f1a5,https://portal.torcherbaria.org/portal/collections/individual/index.php?occid=32173338,Grady,35.01694122,-97.88410928,False,Penstemon grandiflorus,Penstemon grandiflorus,S1,G5?,
32167848,CSU,,,PreservedSpecimen,5827d89e-fc8c-11e7-8e1b-67d1374bec2c,,CSU3759,Plantae|Spermatophyta|Tracheophyta|Magnoliophyta|Monocots|Commelinids|Poales|Poaceae|Setaria,Plantae,Magnoliophyta,,Poales,Poaceae,Setaria grisebachii,802.0,Fourn.,Setaria,,grisebachii,,,,,Species,,,,,,,,R. Logan,,118,4/30/1952,,1952.0,4.0,30.0,121.0,,,,,,,,,,,,,,,,,,,,,,,,,,,,,United States,US,Oklahoma,Greer,,Ladessa; 2 mi E and 1 mi S of Ladessa,,0,,34.4658,-99.3138,WGS84,500.0,,Cheyanne Reynolds (OVPD),,Google Earth Pro 7.3.3.7699,True,Coordinates derived using Google Earth. High confidence based on provided location description (OVPD),,,,,,,,,VCK (OVPD),3/31/2021 0:00,CSU3759,538,55e0eab8-eb17-4438-8c1b-dfdbe5331ef4,https://portal.torcherbaria.org/portal/collections/individual/index.php?occid=32167848,Greer,34.4658,-99.3138,True,Setaria grisebachii,Setaria grisebachii,SH,G4G5,
32172342,CSU,,,PreservedSpecimen,567d7dbe-fc8c-11e7-bae9-d7a2e384ff74,,CSU7966,Plantae|Spermatophyta|Tracheophyta|Magnoliophyta|Eudicots|Core Eudicots|Asterids|Ericales|Polemoniaceae|Phlox,Plantae,Magnoliophyta,,Ericales,Polemoniaceae,Phlox longipilosa,95171.0,Waterf.,Phlox,,longipilosa,,,,,Species,,,,,,,,G. W. Stevens,,1013,6/17/1913,,1913.0,6.0,17.0,168.0,,,,on mountain side,,,,,,,,,,,,,,,,,,,,,,,,,United States,US,Oklahoma,Greer,,Granite; near Granite,,0,,34.5744,-99.225,WGS84,5000.0,,Cheyanne Reynolds (OVPD),,Google Earth Pro 7.3.3.7699,True,Insufficient information provided to geocode location; Coordinates based on city centroid. (OVPD),,,,,,,,,DLW (OVPD),3/31/2021 0:00,CSU7966,538,c5e1e472-1e1c-4a64-80df-9a10ed331cb8,https://portal.torcherbaria.org/portal/collections/individual/index.php?occid=32172342,Greer,34.5744,-99.225,True,Phlox longipilosa,Phlox longipilosa,S1,G1,
32168227,CSU,,,PreservedSpecimen,0d13b10c-fc8c-11e7-925d-0fe9f96b9869,,CSU4116,Plantae|Spermatophyta|Tracheophyta|Gnetophyta|Gnetopsida|Ephedrales|Ephedraceae|Ephedra,Plantae,Gnetophyta,Gnetopsida,Ephedrales,Ephedraceae,Ephedra antisyphilitica,45461.0,Berland. ex C.A.Mey.,Ephedra,,antisyphilitica,,,,,Species,,,,,,,,G. J. Goodman and F. Barkley,,2053,12/16/1933,,1933.0,12.0,16.0,350.0,,,,,,,,,,,,,,,,,,,,,,,,,,,,,United States,US,Oklahoma,Harmon,,"Harman County; along the Red River, Harman County",,0,,34.74411727,-99.84627979,,5000.0,,,,,False,Needs to be georeferenced. Coordinates based on county centroid. (OVPD),,,,,,,,,vck (OVPD),3/30/2021 0:00,CSU4116,538,e6f9fde7-5cde-4502-be72-9382cf503d66,https://portal.torcherbaria.org/portal/collections/individual/index.php?occid=32168227,Harmon,34.74411727,-99.84627979,False,Ephedra antisyphilitica,Ephedra antisyphilitica,S2,G3G4,
32166248,CSU,,,PreservedSpecimen,58314ea6-fc8c-11e7-b85c-83e4cbf65054,,CSU206a,Plantae|Spermatophyta|Tracheophyta|Magnoliophyta|Eudicots|Core Eudicots|Malvids|Rosids|Sapindales|Anacardiaceae|Cotinus,Plantae,Magnoliophyta,,Sapindales,Anacardiaceae,Cotinus obovatus,79136.0,Raf.,Cotinus,,obovatus,,,,,Species,,,,,,,,B. Vogelgesang,,s.n.,11/3/1971,,1971.0,11.0,3.0,307.0,,,,"Limestone glades, bald knobs and wooded, rocky limestone bluffs",,,,,,,,,,,,,,,,,,,,,,,,,United States,US,Oklahoma,Jackson,,"Thompson Woods; Thompson woods, Jackson County",,0,,34.58797112,-99.41475743,WGS84,5000.0,,Daniela Kosnacova (OVPD),,Google Earth Pro 7.3.3.7699,True,Unable to geocode Thompson Woods in Jackson county. Coordinates based on county centroid. (OVPD),,,,,,,,,AKB (OVPD),3/31/2021 0:00,CSU206a,538,12b46efb-192b-45fe-a6f8-079a85294046,https://portal.torcherbaria.org/portal/collections/individual/index.php?occid=32166248,Jackson,34.58797112,-99.41475743,True,Cotinus obovatus,Cotinus obovatus,S2,G4,
32170421,CSU,,,PreservedSpecimen,36df9d2a-fc8c-11e7-9362-4780fcd8356f,,CSU609,Plantae|Spermatophyta|Tracheophyta|Magnoliophyta|Eudicots|Core Eudicots|Fabids|Rosids|Fagales|Betulaceae|Alnus,Plantae,Magnoliophyta,,Fagales,Betulaceae,Alnus maritima,71594.0,(Marsh.) Muhl. ex Nutt.,Alnus,,maritima,,,,,Species,,,,,,,,C. Barsaloux,,,,,1985.0,,,,,,,,,Flwers imperfect; tree flowers in Autumn,,,,,"field values redacted: eventDate, month, day, startDayOfYear, recordNumber, locality, decimalLatitude, decimalLongitude, coordinateUncertaintyInMeters, georeferenceRemarks, georeferenceVerificationStatus, habitat",,,,,,,,,,,,,,,,,,United States,US,Oklahoma,Johnston,,,,1,,,,,,,,,,,,,,,,,,,,PDK (OVPD),3/30/2021 0:00,CSU609,538,6d134ce8-d393-4ed2-9570-4c10b5c73886,https://portal.torcherbaria.org/portal/collections/individual/index.php?occid=32170421,Johnston,34.31648852741942,-96.66055784764478,Assigned,Alnus maritima,Alnus maritima,S2,G3,
32170432,CSU,,,PreservedSpecimen,36df761a-fc8c-11e7-b4d2-e78bf9a4b658,,CSU610,Plantae|Spermatophyta|Tracheophyta|Magnoliophyta|Eudicots|Core Eudicots|Fabids|Rosids|Fagales|Betulaceae|Alnus,Plantae,Magnoliophyta,,Fagales,Betulaceae,Alnus maritima,71594.0,(Marsh.) Muhl. ex Nutt.,Alnus,,maritima,,,,,Species,,,,,,,,L. E. Hornuff,,,,,1958.0,,,,,,,,,,,,,,"field values redacted: eventDate, month, day, startDayOfYear, recordNumber, locality, decimalLatitude, decimalLongitude, coordinateUncertaintyInMeters, georeferenceRemarks, georeferenceVerificationStatus",,,,,,,,,,,,,,,,,,United States,US,Oklahoma,Johnston,,,,1,,,,,,,,,,,,,,,,,,,,PDK (OVPD),3/30/2021 0:00,CSU610,538,2e8db74e-a64c-465f-aca9-66029df19eaa,https://portal.torcherbaria.org/portal/collections/individual/index.php?occid=32170432,Johnston,34.31648852741942,-96.66055784764478,Assigned,Alnus maritima,Alnus maritima,S2,G3,
32170454,CSU,,,PreservedSpecimen,36df761a-fc8c-11e7-a7cd-b701470c01b2,,CSU612,Plantae|Spermatophyta|Tracheophyta|Magnoliophyta|Eudicots|Core Eudicots|Fabids|Rosids|Fagales|Betulaceae|Alnus,Plantae,Magnoliophyta,,Fagales,Betulaceae,Alnus maritima,71594.0,(Marsh.) Muhl. ex Nutt.,Alnus,,maritima,,,,,Species,,,,,,,,A. & R. Nelson,,,,,1949.0,,,,,,,,,"Pistillate catkin in anthesis, all the staminate had withered",,,,,"field values redacted: eventDate, month, day, startDayOfYear, recordNumber, locality, decimalLatitude, decimalLongitude, coordinateUncertaintyInMeters, georeferenceRemarks, georeferenceVerificationStatus, habitat",,,,,,,,,,,,,,,,,,United States,US,Oklahoma,Johnston,,,,1,,,,,,,,,,,,,,,,,,,,PDK (OVPD),3/30/2021 0:00,CSU612,538,23b36280-49fa-45ef-9bb2-866710e35129,https://portal.torcherbaria.org/portal/collections/individual/index.php?occid=32170454,Johnston,34.31648852741942,-96.66055784764478,Assigned,Alnus maritima,Alnus maritima,S2,G3,
32170465,CSU,,,PreservedSpecimen,36df4f0a-fc8c-11e7-8a1a-b396dfe64bbd,,CSU613,Plantae|Spermatophyta|Tracheophyta|Magnoliophyta|Eudicots|Core Eudicots|Fabids|Rosids|Fagales|Betulaceae|Alnus,Plantae,Magnoliophyta,,Fagales,Betulaceae,Alnus maritima,71594.0,(Marsh.) Muhl. ex Nutt.,Alnus,,maritima,,,,,Species,,,,,,,,E.E. Dale,,,,,1946.0,,,,,,,,,,,,,,"field values redacted: eventDate, month, day, startDayOfYear, recordNumber, locality, decimalLatitude, decimalLongitude, coordinateUncertaintyInMeters, georeferenceRemarks, georeferenceVerificationStatus, habitat",,,,,,,,,,,,,,,,,,United States,US,Oklahoma,Johnston,,,,1,,,,,,,,,,,,,,,,,,,,PDK (OVPD),3/30/2021 0:00,CSU613,538,c09993e1-03ac-4bf6-8c98-1cd6bed16389,https://portal.torcherbaria.org/portal/collections/individual/index.php?occid=32170465,Johnston,34.31648852741942,-96.66055784764478,Assigned,Alnus maritima,Alnus maritima,S2,G3,
32170476,CSU,,,PreservedSpecimen,36df4f0a-fc8c-11e7-971e-e7ba36b63600,,CSU614,Plantae|Spermatophyta|Tracheophyta|Magnoliophyta|Eudicots|Core Eudicots|Fabids|Rosids|Fagales|Betulaceae|Alnus,Plantae,Magnoliophyta,,Fagales,Betulaceae,Alnus maritima,71594.0,(Marsh.) Muhl. ex Nutt.,Alnus,,maritima,,,,,Species,,,,,,,,E. E. Dale,,,,,1946.0,,,,,,,,,,,,,,"field values redacted: eventDate, month, day, startDayOfYear, recordNumber, locality, decimalLatitude, decimalLongitude, coordinateUncertaintyInMeters, georeferenceRemarks, georeferenceVerificationStatus, habitat",,,,,,,,,,,,,,,,,,United States,US,Oklahoma,Johnston,,,,1,,,,,,,,,,,,,,,,,,,,PDK (OVPD),3/30/2021 0:00,CSU614,538,cfd69659-0da5-4492-b006-75af36480016,https://portal.torcherbaria.org/portal/collections/individual/index.php?occid=32170476,Johnston,34.31648852741942,-96.66055784764478,Assigned,Alnus maritima,Alnus maritima,S2,G3,
32170497,CSU,,,PreservedSpecimen,0ce26728-fc8c-11e7-8d51-cf5ffa1b8ae4,,CSU616,Plantae|Spermatophyta|Tracheophyta|Magnoliophyta|Eudicots|Core Eudicots|Fabids|Rosids|Fagales|Betulaceae|Alnus,Plantae,Magnoliophyta,,Fagales,Betulaceae,Alnus maritima,71594.0,(Marsh.) Muhl. ex Nutt.,Alnus,,maritima,,,,,Species,,,,,,,,S. O. Chilcote,,,,,1992.0,,,,,,,,,12 ft tall tree,,,,,"field values redacted: eventDate, month, day, startDayOfYear, recordNumber, locality, decimalLatitude, decimalLongitude, coordinateUncertaintyInMeters, georeferenceRemarks, georeferenceVerificationStatus",,,,,,,,,,,,,,,,,,United States,US,Oklahoma,Johnston,,,,1,,,,,,,,,,,,,,,,,,,,PDK (OVPD),3/30/2021 0:00,CSU616,538,fc43349c-e56f-415b-a0c4-fed89498442c,https://portal.torcherbaria.org/portal/collections/individual/index.php?occid=32170497,Johnston,34.31648852741942,-96.66055784764478,Assigned,Alnus maritima,Alnus maritima,S2,G3,
32170508,CSU,,,PreservedSpecimen,36df27fa-fc8c-11e7-9322-1bf4cbabcf13,,CSU617,Plantae|Spermatophyta|Tracheophyta|Magnoliophyta|Eudicots|Core Eudicots|Fabids|Rosids|Fagales|Betulaceae|Alnus,Plantae,Magnoliophyta,,Fagales,Betulaceae,Alnus maritima,71594.0,(Marsh.) Muhl. ex Nutt.,Alnus,,maritima,,,,,Species,,,,,,,,P. W. Hughes,,,,,1992.0,,,,,,,,,small cones,,,,,"field values redacted: eventDate, month, day, startDayOfYear, recordNumber, locality, decimalLatitude, decimalLongitude, coordinateUncertaintyInMeters, georeferenceRemarks, georeferenceVerificationStatus, habitat",,,,,,,,,,,,,,,,,,United States,US,Oklahoma,Johnston,,,,1,,,,,,,,,,,,,,,,,,,,PDK (OVPD),3/30/2021 0:00,CSU617,538,c06515b5-623b-4eea-aac7-11bf6bf433f2,https://portal.torcherbaria.org/portal/collections/individual/index.php?occid=32170508,Johnston,34.31648852741942,-96.66055784764478,Assigned,Alnus maritima,Alnus maritima,S2,G3,
32170519,CSU,,,PreservedSpecimen,36df00ea-fc8c-11e7-aeb5-d7011c095524,,CSU618,Plantae|Spermatophyta|Tracheophyta|Magnoliophyta|Eudicots|Core Eudicots|Fabids|Rosids|Fagales|Betulaceae|Alnus,Plantae,Magnoliophyta,,Fagales,Betulaceae,Alnus maritima,71594.0,(Marsh.) Muhl. ex Nutt.,Alnus,,maritima,,,,,Species,,,,,,,,J. Peoples,,,,,1992.0,,,,,,,,,has male and female cones,,,,,"field values redacted: eventDate, month, day, startDayOfYear, recordNumber, locality, decimalLatitude, decimalLongitude, coordinateUncertaintyInMeters, georeferenceRemarks, georeferenceVerificationStatus, habitat",,,,,,,,,,,,,,,,,,United States,US,Oklahoma,Johnston,,,,1,,,,,,,,,,,,,,,,,,,,PDK (OVPD),3/30/2021 0:00,CSU618,538,131b5237-3859-4fc5-9293-213c280e547c,https://portal.torcherbaria.org/portal/collections/individual/index.php?occid=32170519,Johnston,34.31648852741942,-96.66055784764478,Assigned,Alnus maritima,Alnus maritima,S2,G3,
32170530,CSU,,,PreservedSpecimen,36df00ea-fc8c-11e7-91fc-2b958e4caab6,,CSU619,Plantae|Spermatophyta|Tracheophyta|Magnoliophyta|Eudicots|Core Eudicots|Fabids|Rosids|Fagales|Betulaceae|Alnus,Plantae,Magnoliophyta,,Fagales,Betulaceae,Alnus maritima,71594.0,(Marsh.) Muhl. ex Nutt.,Alnus,,maritima,,,,,Species,,,,,,,,L. D. Luna,,,,,1992.0,,,,,,,,,,,,,,"field values redacted: eventDate, month, day, startDayOfYear, recordNumber, locality, decimalLatitude, decimalLongitude, coordinateUncertaintyInMeters, georeferenceRemarks, georeferenceVerificationStatus, habitat",,,,,,,,,,,,,,,,,,United States,US,Oklahoma,Johnston,,,,1,,,,,,,,,,,,,,,,,,,,PDk (OVPD),3/30/2021 0:00,CSU619,538,e115bc80-2b8d-49dd-8227-0dffc8126e92,https://portal.torcherbaria.org/portal/collections/individual/index.php?occid=32170530,Johnston,34.31648852741942,-96.66055784764478,Assigned,Alnus maritima,Alnus maritima,S2,G3,
32170542,CSU,,,PreservedSpecimen,36ded9da-fc8c-11e7-bc6d-2b6bb8ec0f8d,,CSU620,Plantae|Spermatophyta|Tracheophyta|Magnoliophyta|Eudicots|Core Eudicots|Fabids|Rosids|Fagales|Betulaceae|Alnus,Plantae,Magnoliophyta,,Fagales,Betulaceae,Alnus maritima,71594.0,(Marsh.) Muhl. ex Nutt.,Alnus,,maritima,,,,,Species,,,,,,,,L. Stanka,,,,,1992.0,,,,,,,,,Tree with large serrate leaves; scattered,,,,,"field values redacted: eventDate, month, day, startDayOfYear, recordNumber, locality, decimalLatitude, decimalLongitude, coordinateUncertaintyInMeters, georeferenceRemarks, georeferenceVerificationStatus",,,,,,,,,,,,,,,,,,United States,US,Oklahoma,Johnston,,,,1,,,,,,,,,,,,,,,,,,,,PDk (OVPD),3/30/2021 0:00,CSU620,538,a630c7c5-6960-4f26-9b12-7466256e6f17,https://portal.torcherbaria.org/portal/collections/individual/index.php?occid=32170542,Johnston,34.31648852741942,-96.66055784764478,Assigned,Alnus maritima,Alnus maritima,S2,G3,
32170553,CSU,,,PreservedSpecimen,36ded9da-fc8c-11e7-a4f9-a7ff656a14fe,,CSU621,Plantae|Spermatophyta|Tracheophyta|Magnoliophyta|Eudicots|Core Eudicots|Fabids|Rosids|Fagales|Betulaceae|Alnus,Plantae,Magnoliophyta,,Fagales,Betulaceae,Alnus maritima,71594.0,(Marsh.) Muhl. ex Nutt.,Alnus,,maritima,,,,,Species,,,,,,,,C. Hulet,,,,,1992.0,,,,,,,,,"Woddy, pistillate bracts 3-7 M. Macklin wide",,,,,"field values redacted: eventDate, month, day, startDayOfYear, recordNumber, locality, decimalLatitude, decimalLongitude, coordinateUncertaintyInMeters, georeferenceRemarks, georeferenceVerificationStatus",,,,,,,,,,,,,,,,,,United States,US,Oklahoma,Johnston,,,,1,,,,,,,,,,,,,,,,,,,,PDK (OVPD),3/30/2021 0:00,CSU621,538,67c7b718-3467-4cce-a0d4-919f22afe2cf,https://portal.torcherbaria.org/portal/collections/individual/index.php?occid=32170553,Johnston,34.31648852741942,-96.66055784764478,Assigned,Alnus maritima,Alnus maritima,S2,G3,
32170660,CSU,,,PreservedSpecimen,582ba938-fc8c-11e7-85cb-1bb3c9c2e210,,CSU6285,Plantae|Spermatophyta|Tracheophyta|Magnoliophyta|Eudicots|Core Eudicots|Campanulids|Asterids|Asterales|Asteraceae|Pseudoclappia,Plantae,Magnoliophyta,,Asterales,Asteraceae,Pseudoclappia arenaria,18630.0,Rydb.,Pseudoclappia,,arenaria,,,,,Species,,,,,,,,W. S. Myers,,s.n.,5/31/1932,,1932.0,5.0,31.0,152.0,,,,,,,,,,,,,,,,,,,,,,,,,,,,,United States,US,Oklahoma,Kingfisher,,Dover,,0,,35.94539105,-97.94211253,,5000.0,,,,,False,Needs to be georeferenced. Coordinates based on county centroid. (OVPD),,,,,,,,,VCK (OVPD),3/30/2021 0:00,CSU6285,538,de2b9ac7-cdf2-4cc2-a35b-cac86809ad02,https://portal.torcherbaria.org/portal/collections/individual/index.php?occid=32170660,Kingfisher,35.94539105,-97.94211253,False,Pseudoclappia arenaria,Pseudoclappia arenaria,SH,G3,
32170247,CSU,,,PreservedSpecimen,37f222a0-fc8c-11e7-80da-2366324b23b2,,CSU5906,Plantae|Spermatophyta|Tracheophyta|Magnoliophyta|Eudicots|Core Eudicots|Fabids|Rosids|Fabales|Fabaceae|Dalea,Plantae,Magnoliophyta,,Fabales,Fabaceae,Dalea nana,1556.0,Torr. ex A. Gray,Dalea,,nana,,,,,Species,,,,,,,,P. Freimuth,,48,6/25/1988,,1988.0,6.0,25.0,177.0,,,,,,Yellow flowers in a cone shaped head,,,,,,,,,,,,,,,,,,,,,,,United States,US,Oklahoma,Kiowa,,Hwy 54; junction of Hwy 54 and 62; 100 yards from stop sign on 62,,0,,34.91636664,-98.98086792,,5000.0,,,,,False,Needs to be georeferenced. Coordinates based on county centroid. (OVPD),,,,,,,,,HRR (OVPD),3/30/2021 0:00,CSU5906,538,321c799d-d5f9-4a3d-b5e8-eca833dd44d8,https://portal.torcherbaria.org/portal/collections/individual/index.php?occid=32170247,Kiowa,34.91636664,-98.98086792,False,Dalea nana,Dalea nana,S1,G5,
32170248,CSU,,,PreservedSpecimen,37f222a0-fc8c-11e7-b16c-e7a5cd5a8e9a,,CSU5907,Plantae|Spermatophyta|Tracheophyta|Magnoliophyta|Eudicots|Core Eudicots|Fabids|Rosids|Fabales|Fabaceae|Dalea,Plantae,Magnoliophyta,,Fabales,Fabaceae,Dalea nana,1556.0,Torr. ex A. Gray,Dalea,,nana,,,,,Species,,,,,,,,R. Page,,95,6/25/1988,,1988.0,6.0,25.0,177.0,,,,Clay soil,,,,,,,,,,,,,,,,,,,,,,,,,United States,US,Oklahoma,Kiowa,,Hwy 54; junction of Hwy 54 and 62; 200 feet from stop sign NW side of 54,,0,,34.91636664,-98.98086792,,5000.0,,,,,False,Needs to be georeferenced. Coordinates based on county centroid. (OVPD),,,,,,,,,HRR (OVPD),3/30/2021 0:00,CSU5907,538,44037c79-078d-4600-b468-0d62f3e75de1,https://portal.torcherbaria.org/portal/collections/individual/index.php?occid=32170248,Kiowa,34.91636664,-98.98086792,False,Dalea nana,Dalea nana,S1,G5,
31136169,CSU,,,PreservedSpecimen,,CSU116773,CSU18166,Plantae|Spermatophyta|Tracheophyta|Magnoliophyta|Eudicots|Core Eudicots|Fabids|Rosids|Fabales|Fabaceae|Baptisia,Plantae,Magnoliophyta,,Fabales,Fabaceae,Baptisia nuttalliana,50723.0,Small,Baptisia,,nuttalliana,,,,,Species,,,,,,,,Marie E.B. Stone,,,5/7/2022,,2022.0,5.0,7.0,127.0,,5/7/2022,,Patch growing near pond just NW of house,,,,,,,,,,,,,,,,,,,,,,,,,United States,US,Oklahoma,Le Flore,,"Whitesboro; 2.7 km W of Whiteboro, Bohannon Road; adjacent to D. And N. Russell?s property",,0,,34.687692,-94.915301,,,,,,,,,,,,,,,,,gpayne00,6/28/2025 0:20,,538,8aaebea3-6d0c-43fc-8c2c-a85d3ff53c15,https://portal.torcherbaria.org/portal/collections/individual/index.php?occid=31136169,Le Flore,34.687692,-94.915301,Assigned,Baptisia nuttalliana,Baptisia nuttalliana,S3,G5,
32164555,CSU,,,PreservedSpecimen,38ea1ad2-fc8c-11e7-8586-f792558b7907,,CSU10100,Plantae|Spermatophyta|Tracheophyta|Coniferophyta|Pinopsida|Pinales|Cupressaceae|Taxodium,Plantae,Coniferophyta,Pinopsida,Pinales,Cupressaceae,Taxodium distichum,34016.0,(L.) Rich.,Taxodium,,distichum,,,,,Species,,,,,,,,J. Donahoe,,7,10/22/1987,,1987.0,10.0,22.0,295.0,,,,Growing at the edge of the pond near Big Eagle Creek,,,,,,,,,,,,,,,,,,,,,,,,,United States,US,Oklahoma,Le Flore,,Three Sticks Monument; 7.2 mi S of Three Sticks Monument on Hwy 259,,0,,34.90030257,-94.70338886,,5000.0,,,,,False,Needs to be georeferenced. Coordinates based on county centroid. (OVPD),,,,,,,,,MA (OVPD),3/30/2021 0:00,CSU10100,538,dcdf617b-f34f-4001-8a03-001e83b0aa96,https://portal.torcherbaria.org/portal/collections/individual/index.php?occid=32164555,Le Flore,34.90030257,-94.70338886,False,Taxodium distichum,Taxodium distichum,S2,G5,
32167860,CSU,,,PreservedSpecimen,36cc8a14-fc8c-11e7-9a49-bf9a1e523595,,CSU377,Plantae|Spermatophyta|Tracheophyta|Magnoliophyta|Eudicots|Core Eudicots|Campanulids|Asterids|Aquifoliales|Aquifoliaceae|Ilex,Plantae,Magnoliophyta,,Aquifoliales,Aquifoliaceae,Ilex vomitoria,17239.0,Aiton,Ilex,,vomitoria,,,,,Species,,,,,,,,J. Donahoe,,60,11/15/1987,,1987.0,11.0,15.0,319.0,,,,growing approximately 30 ft NE of my cabin,,,,,,,,,,,,,,,,,,,,,,,,,United States,US,Oklahoma,Le Flore,,Three Sticks Mounument; collected 7 mi S of three sticks Monumant on Hwy 259,,0,,34.90030257,-94.70338886,,5000.0,,,,,False,Needs to be georeferenced. Coordinates based on county centroid. (OVPD),,,,,,,,,VCK (OVPD),3/30/2021 0:00,CSU377,538,f77243e6-246e-47e5-bc96-874757dd6470,https://portal.torcherbaria.org/portal/collections/individual/index.php?occid=32167860,Le Flore,34.90030257,-94.70338886,False,Ilex vomitoria,Ilex vomitoria,S3,G5,
32167996,CSU,,,PreservedSpecimen,37c76880-fc8c-11e7-a27c-7baf109651af,,CSU3902,Plantae|Spermatophyta|Tracheophyta|Magnoliophyta|Monocots|Commelinids|Poales|Cyperaceae|Carex,Plantae,Magnoliophyta,,Poales,Cyperaceae,Carex crawei,76215.0,Dewey,Carex,,crawei,,,,,Species,,,,,,,,O. W. Blakley,,3427,4/20/1915,,1915.0,4.0,20.0,110.0,,,,On creek bank,,,,,,,,,,,,,,,,,,,,,,,,,United States,US,Oklahoma,Le Flore,,Page; near Page,,0,,34.90030257,-94.70338886,,5000.0,,,,,False,Needs to be georeferenced. Coordinates based on county centroid. (OVPD),,,,,,,,,HRR (OVPD),3/30/2021 0:00,CSU3902,538,f62d9bea-3b0b-45af-8871-16ae618440e6,https://portal.torcherbaria.org/portal/collections/individual/index.php?occid=32167996,Le Flore,34.90030257,-94.70338886,False,Carex crawei,Carex crawei,SH,G5,
32169447,CSU,,,PreservedSpecimen,3832af00-fc8c-11e7-848a-b3311c4e4eec,,CSU5201,Plantae|Spermatophyta|Tracheophyta|Magnoliophyta|Eudicots|Core Eudicots|Saxifragales|Hamamelidaceae|Hamamelis,Plantae,Magnoliophyta,,Saxifragales,Hamamelidaceae,Hamamelis vernalis,112584.0,Sarg.,Hamamelis,,vernalis,,,,,Species,,,,,,,,L. J. Uttal,,12,11/15/1941,,1941.0,11.0,15.0,319.0,,,,,,,,,,,,,,,,,,,,,,,,,,,,,United States,US,Oklahoma,Le Flore,,"State Line; 0.3 mi W Arkansas line, Big Creek, Hwy 59-270",,0,,34.90030257,-94.70338886,,5000.0,,,,,False,Needs to be georeferenced. Coordinates based on county centroid. (OVPD),,,,,,,,,VCK (OVPD),3/30/2021 0:00,CSU5201,538,944f2829-4bcb-42b1-9d53-1e576b4813d6,https://portal.torcherbaria.org/portal/collections/individual/index.php?occid=32169447,Le Flore,34.90030257,-94.70338886,False,Hamamelis vernalis,Hamamelis vernalis,S3,G4?,
32172393,CSU,,,PreservedSpecimen,38abff7c-fc8c-11e7-8692-3f508c55a720,,CSU8015,Plantae|Spermatophyta|Tracheophyta|Magnoliophyta|Eudicots|Core Eudicots|Fabids|Rosids|Fabales|Polygalaceae|Polygala,Plantae,Magnoliophyta,,Fabales,Polygalaceae,Polygala polygama,96252.0,Walter,Polygala,,polygama,,,,,Species,,,,,,,,G. W. Stevens,,1403,4/20/1914,,1914.0,4.0,20.0,110.0,,,,on rocky hillside,,,,,,,,,,,,,,,,,,,,,,,,,United States,US,Oklahoma,Le Flore,,Page; near Page,,0,,34.90030257,-94.70338886,,5000.0,,,,,False,Needs to be georeferenced. Coordinates based on county centroid. (OVPD),,,,,,,,,DLW (OVPD),3/30/2021 0:00,CSU8015,538,00300c89-786c-4416-9362-7919846ab8bd,https://portal.torcherbaria.org/portal/collections/individual/index.php?occid=32172393,Le Flore,34.90030257,-94.70338886,False,Polygala polygama,Polygala polygama,S2,G5,
32173773,CSU,,,PreservedSpecimen,38b24120-fc8c-11e7-942d-cb2045ddf3c8,,CSU9266,Plantae|Spermatophyta|Tracheophyta|Magnoliophyta|Eudicots|Core Eudicots|Asterids|Ericales|Styracaceae|Halesia,Plantae,Magnoliophyta,,Ericales,Styracaceae,Halesia carolina,112563.0,L.,Halesia,,carolina,,,,,Species,,,,,,,,J. Donahoe,,31,4/18/1988,,1988.0,4.0,18.0,109.0,,,,,,,,,,,,,,,,,,,,,,,,,,,,,United States,US,Oklahoma,Le Flore,,Hwy jct; 3 mi W of Hwy 259 on old Octavia Hwy behind the Gary DuPont residence,,0,,34.90030257,-94.70338886,,5000.0,,,,,False,Needs to be georeferenced. Coordinates based on county centroid. (OVPD),,,,,,,,,DLW (OVPD),3/30/2021 0:00,CSU9266,538,7e503ba4-966b-4500-8a3f-c350757a6dd5,https://portal.torcherbaria.org/portal/collections/individual/index.php?occid=32173773,Le Flore,34.90030257,-94.70338886,False,Halesia carolina,Halesia carolina,S2,G4G5,
32167513,CSU,,,PreservedSpecimen,372077b4-fc8c-11e7-bac0-b3cffb25960b,,CSU3450,Plantae|Spermatophyta|Tracheophyta|Magnoliophyta|Eudicots|Core Eudicots|Lamiids|Asterids|Solanales|Convolvulaceae|Ipomoea,Plantae,Magnoliophyta,,Solanales,Convolvulaceae,Ipomoea shumardiana,87701.0,(Torr.) Shinners,Ipomoea,,shumardiana,,,,,Species,,,,,,,,P. W. Hughes,,54,7/19/1992,,1992.0,7.0,19.0,201.0,,,,sandy soil along roadside,,vine in fence row with white flowers with purple centers,,,,,,,,,,,,,,,,,,,,,,,United States,US,Oklahoma,Logan,,Cashion; 2 mi E of Cashion and 1 mi N of Hwy 74F,,0,,35.91932291,-97.44331068,,5000.0,,,,,False,Needs to be georeferenced. Coordinates based on county centroid. (OVPD),,,,,,,,,VCK (OVPD),3/30/2021 0:00,CSU3450,538,f310f551-11a1-4485-9330-285d2ceb5f97,https://portal.torcherbaria.org/portal/collections/individual/index.php?occid=32167513,Logan,35.91932291,-97.44331068,False,Ipomoea shumardiana,Ipomoea shumardiana,S2,G2,
32169208,CSU,,,PreservedSpecimen,582a97c8-fc8c-11e7-81ce-3b2384243e83,,CSU4988,Plantae|Spermatophyta|Tracheophyta|Magnoliophyta|Eudicots|Core Eudicots|Caryophyllales|Caryophyllaceae|Paronychia,Plantae,Magnoliophyta,,Caryophyllales,Caryophyllaceae,Paronychia sessiliflora,326.0,Nutt.,Paronychia,,sessiliflora,,,,,Species,,,,,,,,G. Caddell,,786,11/2/2003,,2003.0,11.0,2.0,306.0,,,,shady wooded area,,,,,,,,,,,,,,,,,,,,,,,,,United States,US,Oklahoma,Logan,,Coyote Circle; approximately 100 yards N of 10774 Coyote Circle,,0,,35.91932291,-97.44331068,,5000.0,,,,,False,Needs to be georeferenced. Coordinates based on county centroid. (OVPD),,,,,,,,,VCK (OVPD),3/30/2021 0:00,CSU4988,538,d1a69a00-c275-4328-be86-13f3189353c3,https://portal.torcherbaria.org/portal/collections/individual/index.php?occid=32169208,Logan,35.91932291,-97.44331068,False,Paronychia sessiliflora,Paronychia sessiliflora,S1,G5,
32168225,CSU,,,PreservedSpecimen,38303df6-fc8c-11e7-90a1-dfbc0dc6812c,,CSU4109,Plantae|Spermatophyta|Tracheophyta|Magnoliophyta|Eudicots|Core Eudicots|Fabids|Rosids|Malpighiales|Elatinaceae|Bergia,Plantae,Magnoliophyta,,Malpighiales,Elatinaceae,Bergia texana,17969.0,(Hook.) Seub. ex Walp.,Bergia,,texana,,,,,Species,,,,,,,,W. T. Penfound,,s.n.,7/27/1959,,1959.0,7.0,27.0,208.0,,,,wet shore,,,,,,,,,,,,,,,,,,,,,,,,,United States,US,Oklahoma,Love,,Marietta City Lake,,0,,33.9499172,-97.24413747,,5000.0,,,,,False,Needs to be georeferenced. Coordinates based on county centroid. (OVPD),,,,,,,,,DLK (OVPD),3/30/2021 0:00,CSU4109,538,cd2fea27-48b7-4041-975c-9a67d0af6655,https://portal.torcherbaria.org/portal/collections/individual/index.php?occid=32168225,Love,33.9499172,-97.24413747,False,Bergia texana,Bergia texana,S3,G5,
32165292,CSU,,,PreservedSpecimen,365ef99a-fc8c-11e7-a13a-2394b93bec05,,CSU120,Plantae|Spermatophyta|Tracheophyta|Magnoliophyta|Eudicots|Core Eudicots|Caryophyllales|Aizoaceae|Sesuvium,Plantae,Magnoliophyta,,Caryophyllales,Aizoaceae,Sesuvium verrucosum,3464.0,Raf.,Sesuvium,,verrucosum,,,,,Species,,,,,,,,E. J. Mobley,,43,6/17/1994,,1994.0,6.0,17.0,168.0,,,,Red clay and selanite soil,,Violet flowers; decumbent succulent stems,,,,,,,,,,,,,,,,,,,,,,,United States,US,Oklahoma,Major,,Orienta; 10 mi W of Orienta on US 412,,0,,36.31164378,-98.53595352,,5000.0,,,,,False,Needs to be georeferenced. Coordinates based on county centroid. (OVPD),,,,,,,,,HRR (OVPD),3/30/2021 0:00,CSU120,538,01a4dbc1-3ee9-457a-8138-bf2b70417de8,https://portal.torcherbaria.org/portal/collections/individual/index.php?occid=32165292,Major,36.31164378,-98.53595352,False,Sesuvium verrucosum,Sesuvium verrucosum,S1,G5,
32341829,CSU,,,PreservedSpecimen,,CSU18645,CSU117206,Plantae|Spermatophyta|Tracheophyta|Magnoliophyta|Eudicots|Core Eudicots|Campanulids|Asterids|Asterales|Asteraceae|Haploesthes|Haploesthes greggii,Plantae,Magnoliophyta,,Asterales,Asteraceae,Haploesthes greggii var. texana,86102.0,(J.M. Coult.) I.M. Johnst.,Haploesthes,,greggii,var.,texana,,,Variety,G. M. Caddell,2007,,,,,,G. M. Caddell,K. D. Rice,472,5/20/2007,,2007.0,5.0,20.0,140.0,,20-May-07,,long-ungrazed gypsum outcrop,gypsum,,,,,,,,,,,,,,,,,,,,,,,,United States,US,Oklahoma,Major,,Gloss Mountain State Park,,0,,,,,,TRS: T22N R13W sec 22,,,,,,,,,,,,,,Sshort,6/28/2025 0:20,,538,d43764fb-e7db-4d3e-90bb-c4b10a573b8a,https://portal.torcherbaria.org/portal/collections/individual/index.php?occid=32341829,Major,36.311832761663524,-98.53594065386935,Assigned,Haploesthes greggii var. texana,Haploesthes greggii var. texana,S1,G4?TNR,
32341831,CSU,,,PreservedSpecimen,,CSU117207,CSU18646,Plantae|Spermatophyta|Tracheophyta|Magnoliophyta|Eudicots|Core Eudicots|Campanulids|Asterids|Asterales|Asteraceae|Haploesthes|Haploesthes greggii,Plantae,Magnoliophyta,,Asterales,Asteraceae,Haploesthes greggii var. texana,86102.0,(J.M. Coult.) I.M. Johnst.,Haploesthes,,greggii,var.,texana,,,Variety,G. M. Caddell,2007,,,,,,G. M. Caddell,K. D. Rice,865,7/20/2007,,2007.0,7.0,20.0,201.0,,20-Jul-07,,long-ungrazed gypsum outcrop,gypsum,,,,,,,,,,,,,,,,,,,,,,,,United States,US,Oklahoma,Major,,Gloss Mountain State Park,,0,,,,,,TRS: T22N R13E sec 22,,,,,,,,,,,,,,Sshort,6/28/2025 0:20,,538,a0b13ca7-bb91-4567-931a-822cd1806d85,https://portal.torcherbaria.org/portal/collections/individual/index.php?occid=32341831,Major,36.311832761663524,-98.53594065386935,Assigned,Haploesthes greggii var. texana,Haploesthes greggii var. texana,S1,G4?TNR,
32165968,CSU,,,PreservedSpecimen,0ce9450c-fc8c-11e7-bc50-8ff68cbb9c71,,CSU1812,Plantae|Spermatophyta|Tracheophyta|Magnoliophyta|Eudicots|Core Eudicots|Malvids|Rosids|Malvales|Cistaceae|Helianthemum,Plantae,Magnoliophyta,,Malvales,Cistaceae,Helianthemum georgianum,86373.0,Chapm.,Helianthemum,,georgianum,,,,,Species,,,,,,,,G. J. Goodman,,7151,6/30/1961,,1961.0,6.0,30.0,181.0,,,,occasional in sandy field,,,,,,,,,,,,,,,,,,,,,,,,,United States,US,Oklahoma,Marshall,,Enos; 3 mi SE of Enos,,0,,34.02449343,-96.76913556,,5000.0,,,,,False,Needs to be georeferenced. Coordinates based on county centroid. (OVPD),,,,,,,,,DLW (OVPD),3/30/2021 0:00,CSU1812,538,e8849aff-5f91-4b57-ab47-116064068760,https://portal.torcherbaria.org/portal/collections/individual/index.php?occid=32165968,Marshall,34.02449343,-96.76913556,False,Helianthemum georgianum,Helianthemum georgianum,S1,G4,
32174038,CSU,,,PreservedSpecimen,3977b6e4-fc8c-11e7-aa6f-479df7837b07,,CSU9509,Plantae|Spermatophyta|Tracheophyta|Magnoliophyta|Eudicots|Core Eudicots|Campanulids|Asterids|Apiales|Apiaceae|Apioideae|Ptilimnium,Plantae,Magnoliophyta,,Apiales,Apiaceae,Ptilimnium costatum,118364.0,(Elliot) Raf.,Ptilimnium,,costatum,,,,,Species,,,,,,,,G. J. Goodman,,6656,7/10/1958,,1958.0,7.0,10.0,191.0,,,,among tall herbs in black willow stand,,,,,,,,,,,,,,,,,,,,,,,,,United States,US,Oklahoma,Marshall,,unknown,,0,,34.02449343,-96.76913556,,5000.0,,,,,False,Needs to be georeferenced. Coordinates based on county centroid. (OVPD),,,,,,,,,DLW (OVPD),3/30/2021 0:00,CSU9509,538,82c1759b-881f-49f6-a162-4097d6fa2aa6,https://portal.torcherbaria.org/portal/collections/individual/index.php?occid=32174038,Marshall,34.02449343,-96.76913556,False,Ptilimnium costatum,Ptilimnium costatum,S1,G4,
32171501,CSU,,,PreservedSpecimen,f9a44762-fc8b-11e7-97df-7b56cae06a37,,CSU7145,Plantae|Spermatophyta|Tracheophyta|Magnoliophyta|Eudicots|Core Eudicots|Lamiids|Asterids|Lamiales|Oleaceae|Chionanthus,Plantae,Magnoliophyta,,Lamiales,Oleaceae,Chionanthus virginicus,77853.0,L.,Chionanthus,,virginicus,,,,,Species,,,,,,,,T. Shepherd,,105,5/21/1969,,1969.0,5.0,21.0,141.0,,,,Lawn,,,,,,,,,,,,,,,,,,,,,,,,,United States,US,Oklahoma,McClain,,Blanchard; 216 N Jefferson in Blanchard,,0,,35.00906006,-97.44420583,,5000.0,,,,,False,Needs to be georeferenced. Coordinates based on county centroid. (OVPD),,,,,,,,,HRR (OVPD),3/30/2021 0:00,CSU7145,538,cea0a605-b6d1-4491-a716-f698870521c6,https://portal.torcherbaria.org/portal/collections/individual/index.php?occid=32171501,Mcclain,35.00906006,-97.44420583,False,Chionanthus virginicus,Chionanthus virginicus,S3,G5,
32165296,CSU,,,PreservedSpecimen,f8f76312-fc8b-11e7-b516-2f72f1913af9,,CSU12022,Plantae|Spermatophyta|Tracheophyta|Magnoliophyta|Monocots|Commelinids|Arecales|Arecaceae|Sabal,Plantae,Magnoliophyta,,Arecales,Arecaceae,Sabal minor,99447.0,(Jacq.) Pers.,Sabal,,minor,,,,,Species,,,,,,,,Chris Butler,,17,2/14/2009,,2009.0,2.0,14.0,45.0,,,,,,,,,,,,,,,,,,,,,,,,,,,,,United States,US,Oklahoma,McCurtain,,"Beavers Bend State Park, about 12km NNE of Broken Bow. Along bank of Mountain Fork River",,0,,34.13501539,-94.67832032,,5000.0,,,,,False,Coordinates based on TRS centroid. (OVPD),,,,,,,,,BWH (OVPD),3/30/2021 0:00,CSU12022,538,a370623f-d8cc-4277-a933-035692bf5f70,https://portal.torcherbaria.org/portal/collections/individual/index.php?occid=32165296,Mccurtain,34.13501539,-94.67832032,False,Sabal minor,Sabal minor,S2,G5,
32165371,CSU,,,PreservedSpecimen,f8f73c02-fc8b-11e7-82ce-8318b6933214,,CSU12723,Plantae|Spermatophyta|Tracheophyta|Magnoliophyta|Monocots|Commelinids|Arecales|Arecaceae|Sabal,Plantae,Magnoliophyta,,Arecales,Arecaceae,Sabal minor,99447.0,(Jacq.) Pers.,Sabal,,minor,,,,,Species,,,,,,,,Kimberly McBride,,1,2/9/2008,,2008.0,2.0,9.0,40.0,,,,Dominant understory plant in a deciduous forest,,,,,,,,,,,,,,,,,,,,,,,,,United States,US,Oklahoma,McCurtain,,Haworth: 6.3 miles (10.2 km) south of Haworth on private property adjacent to Red Slough Wildlife Management Area.,,0,,33.74319062,-94.66832962,,5000.0,,,,,False,Coordinates based on TRS centroid. (OVPD),,,,,,,,,BWH (OVPD),3/30/2021 0:00,CSU12723,538,eefcf409-8070-4511-b9ae-fba361c5c01d,https://portal.torcherbaria.org/portal/collections/individual/index.php?occid=32165371,Mccurtain,33.74319062,-94.66832962,False,Sabal minor,Sabal minor,S2,G5,
32168537,CSU,,,PreservedSpecimen,f972fd7e-fc8b-11e7-8270-f3bd7934378f,,CSU4378,Plantae|Spermatophyta|Tracheophyta|Magnoliophyta|Eudicots|Core Eudicots|Fabids|Rosids|Fagales|Fagaceae|Castanea,Plantae,Magnoliophyta,,Fagales,Fagaceae,Castanea pumila,77013.0,(L.) Mill.,Castanea,,pumila,,,,,Species,,,,,,,,A. and R. Nelson and G. Goodman,,5412a,11/4/1945,,1945.0,11.0,4.0,308.0,,,,flood-plain forest,,,,,,,,,,,,,,,,,,,,,,,,,United States,US,Oklahoma,McCurtain,,"Idabel; at bridge over Little River, 5 mi N of Idabel",,0,,33.968074,-94.826568,WGS84,5000.0,,Samantha Basave (OVPD),,Google Earth Pro 7.3.3.7699,True,Georeferenced by Samantha Basave; no additional remarks provided (OVPD),,,,,,,,,DLK (OVPD),3/31/2021 0:00,CSU4378,538,5b03c92d-8833-4942-a764-1558bb72e0ed,https://portal.torcherbaria.org/portal/collections/individual/index.php?occid=32168537,Mccurtain,33.968074,-94.826568,True,Castanea pumila,Castanea pumila,S2,G5,
32169446,CSU,,,PreservedSpecimen,f888e82e-fc8b-11e7-bcaf-331028464827,,CSU5200,Plantae|Spermatophyta|Tracheophyta|Magnoliophyta|Eudicots|Core Eudicots|Saxifragales|Hamamelidaceae|Hamamelis,Plantae,Magnoliophyta,,Saxifragales,Hamamelidaceae,Hamamelis vernalis,112584.0,Sarg.,Hamamelis,,vernalis,,,,,Species,,,,,,,,K. D. Kyle,,1,2/26/1966,,1966.0,2.0,26.0,57.0,,,,,,,,,,,,,,,,,,,,,,,,,,,,,United States,US,Oklahoma,McCurtain,,McCurtain County,,0,,34.11529541,-94.77133272,,5000.0,,,,,False,Needs to be georeferenced. Coordinates based on county centroid. (OVPD),,,,,,,,,VCK (OVPD),3/30/2021 0:00,CSU5200,538,05a7a85e-9256-403b-b3c9-668b8bf9e510,https://portal.torcherbaria.org/portal/collections/individual/index.php?occid=32169446,Mccurtain,34.11529541,-94.77133272,False,Hamamelis vernalis,Hamamelis vernalis,S3,G4?,
32169462,CSU,,,PreservedSpecimen,f6932b56-fc8b-11e7-9e66-b33631540091,,CSU5215,Plantae|Spermatophyta|Tracheophyta|Magnoliophyta|Eudicots|Core Eudicots|Malvids|Rosids|Sapindales|Sapindaceae|Aesculus,Plantae,Magnoliophyta,,Sapindales,Sapindaceae,Aesculus pavia,71026.0,L.,Aesculus,,pavia,,,,,Species,,,,,,,,F. A. Rinehart,,356,4/26/1959,,1959.0,4.0,26.0,116.0,,,,floodplain,,,,,,,,,,,,,,,,,,,,,,,,,United States,US,Oklahoma,McCurtain,,"Idabel; near Little River bridge, 4 mi N of Idabel",,0,,34.11529541,-94.77133272,,5000.0,,,,,False,Needs to be georeferenced. Coordinates based on county centroid. (OVPD),,,,,,,,,VCK (OVPD),3/30/2021 0:00,CSU5215,538,9a7fcaf1-0065-447a-9c66-67eb61574804,https://portal.torcherbaria.org/portal/collections/individual/index.php?occid=32169462,Mccurtain,34.11529541,-94.77133272,False,Aesculus pavia,Aesculus pavia,S2,G5,
32169580,CSU,,,PreservedSpecimen,f972d66e-fc8b-11e7-bb92-93d5ffeedcbe,,CSU5302,Plantae|Spermatophyta|Tracheophyta|Magnoliophyta|Eudicots|Core Eudicots|Lamiids|Asterids|Lamiales|Lamiaceae|Blephilia,Plantae,Magnoliophyta,,Lamiales,Lamiaceae,Blephilia ciliata,107477.0,(L.) Benth.,Blephilia,,ciliata,,,,,Species,,,,,,,,D. Henson,,s.n.,5/20/1939,,1939.0,5.0,20.0,140.0,,,,Cypress swamps,,,,,,,,,,,,,,,,,,,,,,,,,United States,US,Oklahoma,McCurtain,,Eagletown,,0,,34.11529541,-94.77133272,,5000.0,,,,,False,Needs to be georeferenced. Coordinates based on county centroid. (OVPD),,,,,,,,,HRR (OVPD),3/30/2021 0:00,CSU5302,538,4e690815-eddc-4e35-995a-8cc362b87f43,https://portal.torcherbaria.org/portal/collections/individual/index.php?occid=32169580,Mccurtain,34.11529541,-94.77133272,False,Blephilia ciliata,Blephilia ciliata,SH,G5,
32172394,CSU,,,PreservedSpecimen,f88e8d92-fc8b-11e7-9b44-4b78a1fbd231,,CSU8016,Plantae|Spermatophyta|Tracheophyta|Magnoliophyta|Eudicots|Core Eudicots|Fabids|Rosids|Fabales|Polygalaceae|Polygala,Plantae,Magnoliophyta,,Fabales,Polygalaceae,Polygala polygama,96252.0,Walter,Polygala,,polygama,,,,,Species,,,,,,,,"E. L. Little, Jr. and C. E. Olmsted, Oklahoma Forest Service [verbatim]",,105,6/7/1930,,1930.0,6.0,7.0,158.0,,,,virgin post oak forest,,,,,,,,,,,,,,,,,,,,,,,,,United States,US,Oklahoma,McCurtain,,Hwy 21,,0,,34.20740679,-94.77589782,,5000.0,,,,,False,Coordinates based on TRS centroid. (OVPD),,,,,,,,,DLW (OVPD),3/30/2021 0:00,CSU8016,538,559b8c59-82ab-4935-a2af-d3656122028c,https://portal.torcherbaria.org/portal/collections/individual/index.php?occid=32172394,Mccurtain,34.20740679,-94.77589782,False,Polygala polygama,Polygala polygama,S2,G5,
32173771,CSU,,,PreservedSpecimen,f88edbb2-fc8b-11e7-8d29-3feca3307344,,CSU9264,Plantae|Spermatophyta|Tracheophyta|Coniferophyta|Pinopsida|Pinales|Cupressaceae|Taxodium,Plantae,Coniferophyta,Pinopsida,Pinales,Cupressaceae,Taxodium distichum,34016.0,(L.) Rich.,Taxodium,,distichum,,,,,Species,,,,,,,,E. Young,,28,6/22/1985,,1985.0,6.0,22.0,173.0,,,,population many; submerged,,flowers absent; odorless,,,,,,,,,,,,,,,,,,,,,,,United States,US,Oklahoma,McCurtain,,Beavers Bend State Park; in paddle boat area Beavers Bend State Park,,0,,34.11529541,-94.77133272,,5000.0,,,,,False,Needs to be georeferenced. Coordinates based on county centroid. (OVPD),,,,,,,,,DLW (OVPD),3/30/2021 0:00,CSU9264,538,0393da30-118b-483f-b263-92939ab11114,https://portal.torcherbaria.org/portal/collections/individual/index.php?occid=32173771,Mccurtain,34.11529541,-94.77133272,False,Taxodium distichum,Taxodium distichum,S2,G5,
32170733,CSU,,,PreservedSpecimen,582d7e02-fc8c-11e7-acc3-d7bb9dcdc59a,,CSU6350,Plantae|Spermatophyta|Tracheophyta|Magnoliophyta|Eudicots|Core Eudicots|Fabids|Rosids|Rosales|Rhamnaceae|Rhamnus,Plantae,Magnoliophyta,,Rosales,Rhamnaceae,Rhamnus lanceolata,98001.0,Pursh,Rhamnus,,lanceolata,,,,,Species,,,,,,,,N. Sohrabi,,87,7/12/1985,,1985.0,7.0,12.0,193.0,,,,"sloping, sandy, open field next to small access road, sprawling vine on hill",,corolla yellow,,,,,,,,,,,,,,,,,,,,,,,United States,US,Oklahoma,McIntosh,,"Hwy jct; 0.6 mi E of Hwy 69 on Hwy 150 (Texana Road), N side of road",,0,,35.37366502,-95.66683755,,5000.0,,,,,False,Needs to be georeferenced. Coordinates based on county centroid. (OVPD),,,,,,,,,VCK (OVPD),3/30/2021 0:00,CSU6350,538,c47b7b63-aea2-4e60-a5a7-375432ffd1ed,https://portal.torcherbaria.org/portal/collections/individual/index.php?occid=32170733,Mcintosh,35.37366502,-95.66683755,False,Rhamnus lanceolata,Rhamnus lanceolata,S1,G5,
32168602,CSU,,,PreservedSpecimen,382911f2-fc8c-11e7-891f-5ba72d9426b8,,CSU4438,Plantae|Spermatophyta|Tracheophyta|Magnoliophyta|Eudicots|Core Eudicots|Fabids|Rosids|Fagales|Fagaceae|Quercus,Plantae,Magnoliophyta,,Fagales,Fagaceae,Quercus texana,34217.0,Buckley,Quercus,,texana,,,,,Species,,,,,,,,E. E. Dale,,145,3/29/1942,,1942.0,3.0,29.0,88.0,,,,moist soil,,,,,,,,,,,,,,,,,,,,,,,,,United States,US,Oklahoma,Murray,,Turner Falls; near Honey Creek,,0,,34.425681,-97.148706,WGS84,5000.0,,Samantha Basave (OVPD),,Google Earth Pro 7.7.3.7104,False,Insufficient information provided to geocode location (OVPD),,,,,,,,,DLK (OVPD),3/30/2021 0:00,CSU4438,538,088e3149-80c9-43c2-80c3-2135546de38e,https://portal.torcherbaria.org/portal/collections/individual/index.php?occid=32168602,Murray,34.425681,-97.148706,False,Quercus texana,Quercus texana,S2,G4G5,
32168603,CSU,,,PreservedSpecimen,382911f2-fc8c-11e7-a240-afead210328d,,CSU4439,Plantae|Spermatophyta|Tracheophyta|Magnoliophyta|Eudicots|Core Eudicots|Fabids|Rosids|Fagales|Fagaceae|Quercus,Plantae,Magnoliophyta,,Fagales,Fagaceae,Quercus texana,34217.0,Buckley,Quercus,,texana,,,,,Species,,,,,,,,M. Hopkins and G. L. Cross,,6414,7/22/1944,,1944.0,7.0,22.0,204.0,,,,in or on banks of Cow Pen Creek; Frank's Conglomerate formation,,,,,,,,,,,,,,,,,,,,,,,,,United States,US,Oklahoma,Murray,,"Arbuckle Mountains; Cow Pen Canyon, Arbuckle Mountains",,0,,34.48232962,-97.06791974,,5000.0,,Samantha Basave (OVPD),,,False,Insufficient information provided to geocode location; Coordinates based on county centroid. (OVPD),,,,,,,,,DLK (OVPD),3/30/2021 0:00,CSU4439,538,269dc5b0-74f4-4950-b5d0-ceff1116828d,https://portal.torcherbaria.org/portal/collections/individual/index.php?occid=32168603,Murray,34.48232962,-97.06791974,False,Quercus texana,Quercus texana,S2,G4G5,
32168605,CSU,,,PreservedSpecimen,3828eae2-fc8c-11e7-b9cb-d3429d542592,,CSU4440,Plantae|Spermatophyta|Tracheophyta|Magnoliophyta|Eudicots|Core Eudicots|Fabids|Rosids|Fagales|Fagaceae|Quercus,Plantae,Magnoliophyta,,Fagales,Fagaceae,Quercus texana,34217.0,Buckley,Quercus,,texana,,,,,Species,,,,,,,,M. Hopkins,,2804,4/4/1938,,1938.0,4.0,4.0,94.0,,,,dry limestone plateau,,,,,,,,,,,,,,,,,,,,,,,,,United States,US,Oklahoma,Murray,,Arbuckle Mountains; on top of Arbuckle Mountains,,0,,34.48232962,-97.06791974,,5000.0,,Samantha Basave (OVPD),,,False,Insufficient information provided to geocode location; Coordinates based on county centroid. (OVPD),,,,,,,,,DLK (OVPD),3/30/2021 0:00,CSU4440,538,ed31eada-e73e-4e1d-919e-f038b6b688c4,https://portal.torcherbaria.org/portal/collections/individual/index.php?occid=32168605,Murray,34.48232962,-97.06791974,False,Quercus texana,Quercus texana,S2,G4G5,
32168606,CSU,,,PreservedSpecimen,3828eae2-fc8c-11e7-897f-efa3fe08f2cc,,CSU4441,Plantae|Spermatophyta|Tracheophyta|Magnoliophyta|Eudicots|Core Eudicots|Fabids|Rosids|Fagales|Fagaceae|Quercus,Plantae,Magnoliophyta,,Fagales,Fagaceae,Quercus texana,34217.0,Buckley,Quercus,,texana,,,,,Species,,,,,,,,E. D.,,s.n.,5/8/1948,,1948.0,5.0,8.0,129.0,,,,,,,,,,,,,,,,,,,,,,,,,,,,,United States,US,Oklahoma,Murray,,Arbuckle Mountains,,0,,34.43233,-97.19091,,5000.0,,Bruce Hoagland (OVPD),,Google Earth,True,Coordinates based on centroid for Arbuckle Mountains in Murray County (OVPD),,,,,,,,,DLK (OVPD),3/30/2021 0:00,CSU4441,538,688ccbd6-25f6-4731-8521-e0a0e1e7b253,https://portal.torcherbaria.org/portal/collections/individual/index.php?occid=32168606,Murray,34.43233,-97.19091,True,Quercus texana,Quercus texana,S2,G4G5,
32168607,CSU,,,PreservedSpecimen,3828eae2-fc8c-11e7-92b4-3bf51d568a05,,CSU4442,Plantae|Spermatophyta|Tracheophyta|Magnoliophyta|Eudicots|Core Eudicots|Fabids|Rosids|Fagales|Fagaceae|Quercus,Plantae,Magnoliophyta,,Fagales,Fagaceae,Quercus texana,34217.0,Buckley,Quercus,,texana,,,,,Species,,,,,,,,E. E. Dale,,860,4/7/1946,,1946.0,4.0,7.0,97.0,,,,moist rich soil,,,,,,,,,,,,,,,,,,,,,,,,,United States,US,Oklahoma,Murray,,Turner Falls; by Honey Creek above Turner Falls,,0,,34.425681,-97.148706,WGS84,5000.0,,Samantha Basave (OVPD),,Google Earth Pro 7.7.3.7100,False,Insufficient information provided to geocode location (OVPD),,,,,,,,,DLK (OVPD),3/30/2021 0:00,CSU4442,538,51e86a40-2b1c-490e-9d94-dbf37d94ce1e,https://portal.torcherbaria.org/portal/collections/individual/index.php?occid=32168607,Murray,34.425681,-97.148706,False,Quercus texana,Quercus texana,S2,G4G5,
32169581,CSU,,,PreservedSpecimen,37e63b98-fc8c-11e7-8b85-538f27028b3a,,CSU5303,Plantae|Spermatophyta|Tracheophyta|Magnoliophyta|Eudicots|Core Eudicots|Lamiids|Asterids|Lamiales|Lamiaceae|Hedeoma,Plantae,Magnoliophyta,,Lamiales,Lamiaceae,Hedeoma acinoides,86212.0,Scheele,Hedeoma,,acinoides,,,,,Species,,,,,,,,E. E. Dale,,1029,5/4/1946,,1946.0,5.0,4.0,124.0,,,,Moist rich soil,,,,,,,,,,,,,,,,,,,,,,,,,United States,US,Oklahoma,Murray,,Blue Hole; near Honey Creek below Blue Hole,,0,,34.48232962,-97.06791974,,5000.0,,,,,False,Needs to be georeferenced. Coordinates based on county centroid. (OVPD),,,,,,,,,HRR (OVPD),3/30/2021 0:00,CSU5303,538,416584d2-c416-4355-97ac-b20244128ea8,https://portal.torcherbaria.org/portal/collections/individual/index.php?occid=32169581,Murray,34.48232962,-97.06791974,False,Hedeoma acinoides,Hedeoma acinoides,SH,G4,
32170290,CSU,,,PreservedSpecimen,3803fd36-fc8c-11e7-8d0c-b3fa331612be,,CSU5946,Plantae|Spermatophyta|Tracheophyta|Magnoliophyta|Eudicots|Core Eudicots|Fabids|Rosids|Fabales|Fabaceae|Desmodium,Plantae,Magnoliophyta,,Fabales,Fabaceae,Desmodium illinoense,80990.0,A. Gray,Desmodium,,illinoense,,,,,Species,,,,,,,,J. Briody,,27,7/2/1994,,1994.0,7.0,2.0,183.0,,,,,,2 feet high,,,,,,,,,,,,,,,,,,,,,,,United States,US,Oklahoma,Murray,,County Road; 3.3 mi W of Mill Creek on County Road; N side of the road,,0,,34.48232962,-97.06791974,,5000.0,,,,,False,Needs to be georeferenced. Coordinates based on county centroid. (OVPD),,,,,,,,,HRR (OVPD),3/30/2021 0:00,CSU5946,538,1006415f-cc39-4e7c-84ba-b9475b1fc5b2,https://portal.torcherbaria.org/portal/collections/individual/index.php?occid=32170290,Murray,34.48232962,-97.06791974,False,Desmodium illinoense,Desmodium illinoense,S3,G5,
32173341,CSU,,,PreservedSpecimen,39531758-fc8c-11e7-963b-fffd2c0a8687,,CSU8897,Plantae|Spermatophyta|Tracheophyta|Magnoliophyta|Eudicots|Core Eudicots|Lamiids|Asterids|Lamiales|Plantaginaceae|Penstemon,Plantae,Magnoliophyta,,Lamiales,Plantaginaceae,Penstemon oklahomensis,94505.0,Pennell,Penstemon,,oklahomensis,,,,,Species,,,,,,,,J. A. Turner,,33,5/7/1960,,1960.0,5.0,7.0,128.0,,,,,,,,,,,,,,,,,,,,,,,,,,,,,United States,US,Oklahoma,Murray,,"Davis; 4.5 mi S, 1 mi W of Davis, Camp Classen, Arbuckle Mountains",,0,,34.45896,-97.15391,,5000.0,,Bruce Hoagland (OVPD),,Google Earth,True,Coordinate centered on reception building at Camp Classen (OVPD),,,,,,,,,DLW (OVPD),3/30/2021 0:00,CSU8897,538,fa165b5b-79fc-41f6-a9be-52622a3907f9,https://portal.torcherbaria.org/portal/collections/individual/index.php?occid=32173341,Murray,34.45896,-97.15391,True,Penstemon oklahomensis,Penstemon oklahomensis,S3,G3,
32173342,CSU,,,PreservedSpecimen,3952f048-fc8c-11e7-8915-8fd1edfdab39,,CSU8898,Plantae|Spermatophyta|Tracheophyta|Magnoliophyta|Eudicots|Core Eudicots|Lamiids|Asterids|Lamiales|Plantaginaceae|Penstemon,Plantae,Magnoliophyta,,Lamiales,Plantaginaceae,Penstemon oklahomensis,94505.0,Pennell,Penstemon,,oklahomensis,,,,,Species,,,,,,,,B. W. McNutt,,6,5/8/1960,,1960.0,5.0,8.0,129.0,,,,,,,,,,,,,,,,,,,,,,,,,,,,,United States,US,Oklahoma,Murray,,"Davis; 4.5 S, 1 mi W of Davis",,0,,34.48232962,-97.06791974,,5000.0,,,,,False,Needs to be georeferenced. Coordinates based on county centroid. (OVPD),,,,,,,,,DLW (OVPD),3/30/2021 0:00,CSU8898,538,842c4b6d-2147-45a0-9625-e31e6dcbf1e7,https://portal.torcherbaria.org/portal/collections/individual/index.php?occid=32173342,Murray,34.48232962,-97.06791974,False,Penstemon oklahomensis,Penstemon oklahomensis,S3,G3,
32173343,CSU,,,PreservedSpecimen,39531758-fc8c-11e7-9796-ebc913876d5e,,CSU8899,Plantae|Spermatophyta|Tracheophyta|Magnoliophyta|Eudicots|Core Eudicots|Lamiids|Asterids|Lamiales|Plantaginaceae|Penstemon,Plantae,Magnoliophyta,,Lamiales,Plantaginaceae,Penstemon oklahomensis,94505.0,Pennell,Penstemon,,oklahomensis,,,,,Species,,,,,,,,E. E. Dale,,865,4/14/1946,,1946.0,4.0,14.0,104.0,,,,moist rich soil; Colbert Porphyry,,,,,,,,,,,,,,,,,,,,,,,,,United States,US,Oklahoma,Murray,,Turner Falls; by Honey Creek above Turner Falls,,0,,34.48232962,-97.06791974,,5000.0,,,,,False,Needs to be georeferenced. Coordinates based on county centroid. (OVPD),,,,,,,,,DLW (OVPD),3/30/2021 0:00,CSU8899,538,8b058f05-7eaa-4c55-916b-45286731f774,https://portal.torcherbaria.org/portal/collections/individual/index.php?occid=32173343,Murray,34.48232962,-97.06791974,False,Penstemon oklahomensis,Penstemon oklahomensis,S3,G3,
32165440,CSU,,,PreservedSpecimen,56712186-fc8c-11e7-9278-938e988bb016,,CSU13372,Plantae|Spermatophyta|Tracheophyta|Magnoliophyta|Monocots|Commelinids|Commelinales|Commelinaceae|Tradescantia,Plantae,Magnoliophyta,,Commelinales,Commelinaceae,Tradescantia ernestiana,103747.0,E.S. Anderson & Woodson,Tradescantia,,ernestiana,,,,,Species,,,,,,,,R. Bebb,,5078,4/24/1940,,1940.0,4.0,24.0,115.0,,,,In wooded ravine,,,,,,,,,,,,,,,,,,,,,,,,,United States,US,Oklahoma,Muskogee,,unknown,,0,,35.61609454,-95.37948727,,5000.0,,,,,False,Needs to be georeferenced. Coordinates based on county centroid. (OVPD),,,,,,,,,HRR (OVPD),3/30/2021 0:00,CSU13372,538,3c121353-49f0-477c-bfc2-0a566f181822,https://portal.torcherbaria.org/portal/collections/individual/index.php?occid=32165440,Muskogee,35.61609454,-95.37948727,False,Tradescantia ernestiana,Tradescantia ernestiana,S2,G3G4Q,
32172881,CSU,,,PreservedSpecimen,38838f56-fc8c-11e7-ab47-bb7b0113c3f5,,CSU8443,Plantae|Spermatophyta|Tracheophyta|Magnoliophyta|Eudicots|Core Eudicots|Fabids|Rosids|Rosales|Rosaceae|Rubus,Plantae,Magnoliophyta,,Rosales,Rosaceae,Rubus allegheniensis,98731.0,Porter,Rubus,,allegheniensis,,,,,Species,,,,,,,,K. D. Kyle,,92,5/7/1966,,1966.0,5.0,7.0,127.0,,,,,,,,,,,,,,,,,,,,,,,,,,,,,United States,US,Oklahoma,Muskogee,,Green Leaf State Park,,0,,35.61609454,-95.37948727,,5000.0,,,,,False,Needs to be georeferenced. Coordinates based on county centroid. (OVPD),,,,,,,,,DLW (OVPD),3/30/2021 0:00,CSU8443,538,7ee18aef-5410-4975-8c11-e30ed20db14f,https://portal.torcherbaria.org/portal/collections/individual/index.php?occid=32172881,Muskogee,35.61609454,-95.37948727,False,Rubus allegheniensis,Rubus allegheniensis,S3,G5,
32173483,CSU,,,PreservedSpecimen,38b85bb4-fc8c-11e7-a733-f37cac73f15b,,CSU9023,Plantae|Spermatophyta|Tracheophyta|Magnoliophyta|Eudicots|Core Eudicots|Lamiids|Asterids|Solanales|Solanaceae|Physalis,Plantae,Magnoliophyta,,Solanales,Solanaceae,Physalis missouriensis,49755.0,Mack. & Bush,Physalis,,missouriensis,,,,,Species,,,,,,,,J. L. Gill,,82,5/7/1966,,1966.0,5.0,7.0,127.0,,,,,,,,,,,,,,,,,,,,,,,,,,,,,United States,US,Oklahoma,Muskogee,,Green Leaf State Park; along road near Green Leaf State Park,,0,,35.61609454,-95.37948727,,5000.0,,,,,False,Needs to be georeferenced. Coordinates based on county centroid. (OVPD),,,,,,,,,DLW (OVPD),3/30/2021 0:00,CSU9023,538,f8adffbb-775b-4bf6-9a84-9c45f84f7a1d,https://portal.torcherbaria.org/portal/collections/individual/index.php?occid=32173483,Muskogee,35.61609454,-95.37948727,False,Physalis missouriensis,Physalis missouriensis,SH,G2,
32167484,CSU,,,PreservedSpecimen,372113f4-fc8c-11e7-98fc-ff949de06fae,,CSU3445,Plantae|Spermatophyta|Tracheophyta|Magnoliophyta|Eudicots|Core Eudicots|Lamiids|Asterids|Solanales|Convolvulaceae|Ipomoea,Plantae,Magnoliophyta,,Solanales,Convolvulaceae,Ipomoea shumardiana,87701.0,(Torr.) Shinners,Ipomoea,,shumardiana,,,,,Species,,,,,,,,C. Smith,,34,7/8/1994,,1994.0,7.0,8.0,189.0,,,,roadside,,large white flowers on a vine,,,,,,,,,,,,,,,,,,,,,,,United States,US,Oklahoma,Noble,,"Hwy jct; jct Hwy 64 and 177, 5 mi E of jct",,0,,36.38859494,-97.23051111,,5000.0,,,,,False,Needs to be georeferenced. Coordinates based on county centroid. (OVPD),,,,,,,,,VCK (OVPD),3/30/2021 0:00,CSU3445,538,daec39a9-813b-4282-8167-513226566c0c,https://portal.torcherbaria.org/portal/collections/individual/index.php?occid=32167484,Noble,36.38859494,-97.23051111,False,Ipomoea shumardiana,Ipomoea shumardiana,S2,G2,
32167485,CSU,,,PreservedSpecimen,372113f4-fc8c-11e7-b45e-8fed141d80a9,,CSU3446,Plantae|Spermatophyta|Tracheophyta|Magnoliophyta|Eudicots|Core Eudicots|Lamiids|Asterids|Solanales|Convolvulaceae|Ipomoea,Plantae,Magnoliophyta,,Solanales,Convolvulaceae,Ipomoea shumardiana,87701.0,(Torr.) Shinners,Ipomoea,,shumardiana,,,,,Species,,,,,,,,E. J. Mobley,,107,7/8/1994,,1994.0,7.0,8.0,189.0,,,,grassy roadside,,flowers vine with white tubular flowers; common,,,,,,,,,,,,,,,,,,,,,,,United States,US,Oklahoma,Noble,,State Hwy; 5 mi E of US 177 on US 64,,0,,36.38859494,-97.23051111,,5000.0,,,,,False,Needs to be georeferenced. Coordinates based on county centroid. (OVPD),,,,,,,,,VCK (OVPD),3/30/2021 0:00,CSU3446,538,0bbd85bd-cd6e-47ba-9703-136d2c2d5a73,https://portal.torcherbaria.org/portal/collections/individual/index.php?occid=32167485,Noble,36.38859494,-97.23051111,False,Ipomoea shumardiana,Ipomoea shumardiana,S2,G2,
32167486,CSU,,,PreservedSpecimen,372113f4-fc8c-11e7-9c7d-134eeaaabf0b,,CSU3447,Plantae|Spermatophyta|Tracheophyta|Magnoliophyta|Eudicots|Core Eudicots|Lamiids|Asterids|Solanales|Convolvulaceae|Ipomoea,Plantae,Magnoliophyta,,Solanales,Convolvulaceae,Ipomoea shumardiana,87701.0,(Torr.) Shinners,Ipomoea,,shumardiana,,,,,Species,,,,,,,,L. K. Armstrong,,47,7/8/1994,,1994.0,7.0,8.0,189.0,,,,roadside,,flowers cream colored with light violet center,,,,,,,,,,,,,,,,,,,,,,,United States,US,Oklahoma,Noble,,Cimmaron; 0.5 mi E of Cimmaron turnpike on Hwy 64,,0,,36.38859494,-97.23051111,,5000.0,,,,,False,Needs to be georeferenced. Coordinates based on county centroid. (OVPD),,,,,,,,,VCK (OVPD),3/30/2021 0:00,CSU3447,538,2a568278-bbf3-4726-b392-0ac150774790,https://portal.torcherbaria.org/portal/collections/individual/index.php?occid=32167486,Noble,36.38859494,-97.23051111,False,Ipomoea shumardiana,Ipomoea shumardiana,S2,G2,
32167510,CSU,,,PreservedSpecimen,3720ece4-fc8c-11e7-97e8-c71cb0ccecb1,,CSU3448,Plantae|Spermatophyta|Tracheophyta|Magnoliophyta|Eudicots|Core Eudicots|Lamiids|Asterids|Solanales|Convolvulaceae|Ipomoea,Plantae,Magnoliophyta,,Solanales,Convolvulaceae,Ipomoea shumardiana,87701.0,(Torr.) Shinners,Ipomoea,,shumardiana,,,,,Species,,,,,,,,C. Clarke,,32,7/8/1994,,1994.0,7.0,8.0,189.0,,,,roadside,,flowers violet,,,,,,,,,,,,,,,,,,,,,,,United States,US,Oklahoma,Noble,,"Hwy jct; N of Hwy 64, 5 mi E of jct 177",,0,,36.38859494,-97.23051111,,5000.0,,,,,False,Needs to be georeferenced. Coordinates based on county centroid. (OVPD),,,,,,,,,VCK (OVPD),3/30/2021 0:00,CSU3448,538,f3493458-f7cf-4a8c-90f0-bf997930b4c3,https://portal.torcherbaria.org/portal/collections/individual/index.php?occid=32167510,Noble,36.38859494,-97.23051111,False,Ipomoea shumardiana,Ipomoea shumardiana,S2,G2,
32167511,CSU,,,PreservedSpecimen,3720ece4-fc8c-11e7-ac00-d75be0c197ee,,CSU3449,Plantae|Spermatophyta|Tracheophyta|Magnoliophyta|Eudicots|Core Eudicots|Lamiids|Asterids|Solanales|Convolvulaceae|Ipomoea,Plantae,Magnoliophyta,,Solanales,Convolvulaceae,Ipomoea shumardiana,87701.0,(Torr.) Shinners,Ipomoea,,shumardiana,,,,,Species,,,,,,,,J. Ha,,37,7/8/1994,,1994.0,7.0,8.0,189.0,,,,roadside,,ovate leaves; 9 centimeter corolla,,,,,,,,,,,,,,,,,,,,,,,United States,US,Oklahoma,Noble,,"Hwy jct; N of Hwy 64, 5 mi E of jct 177",,0,,36.38859494,-97.23051111,,5000.0,,,,,False,Needs to be georeferenced. Coordinates based on county centroid. (OVPD),,,,,,,,,VCK (OVPD),3/30/2021 0:00,CSU3449,538,38780cc8-b6ad-4b14-868c-22b3139c09b8,https://portal.torcherbaria.org/portal/collections/individual/index.php?occid=32167511,Noble,36.38859494,-97.23051111,False,Ipomoea shumardiana,Ipomoea shumardiana,S2,G2,
30725481,CSU,,,PreservedSpecimen,,CSU116696,CSU18145,Plantae|Spermatophyta|Tracheophyta|Magnoliophyta|Eudicots|Core Eudicots|Fabids|Rosids|Fabales|Fabaceae|Wisteria,Plantae,Magnoliophyta,,Fabales,Fabaceae,Wisteria frutescens,105437.0,(L.) Poir.,Wisteria,,frutescens,,,,,Species,,,,,,,,Kenna Chamlee,,50,4/23/2022,,2022.0,4.0,23.0,113.0,,4/23/2022,,,,,,,,,,,,,,,,,,,,,,,,,,,United States,US,Oklahoma,Oklahoma,,"Live Oak Dr, Edmond, OK, US",,0,,35.66715333,-97.43021333,,,,,,,,,,,,,,,,,gpayne00,6/28/2025 0:20,,538,4911a85e-c7bf-4224-b85f-02338bb18f50,https://portal.torcherbaria.org/portal/collections/individual/index.php?occid=30725481,Oklahoma,35.66715333,-97.43021333,Assigned,Wisteria frutescens,Wisteria frutescens,S1,G5,
30725512,CSU,,,PreservedSpecimen,,CSU116698,CSU18147,Plantae|Spermatophyta|Tracheophyta|Magnoliophyta|Eudicots|Core Eudicots|Lamiids|Asterids|Lamiales|Plantaginaceae|Penstemon,Plantae,Magnoliophyta,,Lamiales,Plantaginaceae,Penstemon oklahomensis,94505.0,Pennell,Penstemon,,oklahomensis,,,,,Species,,,,,,,,Anne Robert,,32,4/21/2011,,2011.0,4.0,21.0,111.0,,21-Apr-11,,Lawn/field area,,,,,,,,,,,,,,,,,,,,,,,,,United States,US,Oklahoma,Oklahoma,,1/4 mile E of Midwest Blvd. between SE 15 and Reno Ave.,,0,,,,,,35°26?21?N 97°23?18?W,,,,,,,,,,,,,,gpayne00,6/28/2025 0:20,,538,024e2aa8-d34e-4691-92b4-799e5a68a70c,https://portal.torcherbaria.org/portal/collections/individual/index.php?occid=30725512,Oklahoma,35.55149621091703,-97.40723927788326,Assigned,Penstemon oklahomensis,Penstemon oklahomensis,S3,G3,
31256263,CSU,,,PreservedSpecimen,,CSU116815,CSU18260,Plantae|Spermatophyta|Tracheophyta|Magnoliophyta|Eudicots|Core Eudicots|Campanulids|Asterids|Asterales|Asteraceae|Vernonia,Plantae,Magnoliophyta,,Asterales,Asteraceae,Vernonia missurica,18851.0,Raf.,Vernonia,,missurica,,,,,Species,,,,,,,,J. Howard,,10,7/12/1998,,1998.0,7.0,12.0,193.0,,12th July 1998,,,,"Purple disk flowers, large toothed alt. Leaves",,,,,,,,,,,,,,,,,,,,,,,United States,US,Oklahoma,Oklahoma,,1 mile NE of Moore along railroad tracks on 89th court,,0,,,,,,,,,,,,,,,,,,,,gpayne00,6/28/2025 0:20,,538,3e57d2cf-ae0e-4c1d-b519-c09b4ef60b5d,https://portal.torcherbaria.org/portal/collections/individual/index.php?occid=31256263,Oklahoma,35.55149621091703,-97.40723927788326,Assigned,Vernonia missurica,Vernonia missurica,S2,G4G5,
31409012,CSU,,,PreservedSpecimen,,CSU116948,CSU18391,Plantae|Spermatophyta|Tracheophyta|Magnoliophyta|Eudicots|Core Eudicots|Malvids|Rosids|Myrtales|Onagraceae|Circaea,Plantae,Magnoliophyta,,Myrtales,Onagraceae,Circaea lutetiana,78120.0,L.,Circaea,,lutetiana,,,,,Species,Grace Payne,8/18/2023,,,,,,John R Ligon Jr,,3,6/12/1961,,1961.0,6.0,12.0,163.0,,6/12/1961,,Field,Sandy soil,,,,,,,,,,,,,,,,,,,,,,,,United States,US,Oklahoma,Oklahoma,,"Reynolds?s Park. Edmond, Oklahoma",,0,,,,,,,,,,,,,,,,,,,,gpayne00,4/23/2025 2:12,,538,d81f2351-57af-445e-9876-60f3681c2eed,https://portal.torcherbaria.org/portal/collections/individual/index.php?occid=31409012,Oklahoma,35.55149621091703,-97.40723927788326,Assigned,Circaea lutetiana,Circaea lutetiana,SH,G5,
32164476,CSU,,,PreservedSpecimen,38eba17c-fc8c-11e7-b822-bb8342d9d1b8,,CSU10029,Plantae|Tracheophyta|Pteridophyta|Polypodiopsida|Salviniales|Marsileaceae|Marsilea,Plantae,Pteridophyta,Polypodiopsida,Salviniales,Marsileaceae,Marsilea vestita,1563.0,Hook. & Grev.,Marsilea,,vestita,,,,,Species,,,,,,,,J. B. Hua,,28,6/23/1998,,1998.0,6.0,23.0,174.0,,,,grazed prairie with buffalo wallows; common inside buffalo wallows,,,,,,,,,,,,,,,,,,,,,,,,,United States,US,Oklahoma,Oklahoma,,"Oklahoma City; Oklahoma City, 0.4 mi E of Coffee Creek and Penn Avenue",,0,,35.55149491,-97.4071989,,5000.0,,,,,False,Needs to be georeferenced. Coordinates based on county centroid. (OVPD),,,,,,,,,DLW (OVPD),3/30/2021 0:00,CSU10029,538,2ceedea3-945f-45cc-aaba-dde636a0acf7,https://portal.torcherbaria.org/portal/collections/individual/index.php?occid=32164476,Oklahoma,35.55149491,-97.4071989,False,Marsilea vestita,Marsilea vestita,S3,G5,
32165312,CSU,,,PreservedSpecimen,362b65bc-fc8c-11e7-b333-072f31b5ed13,,CSU1217,Plantae|Spermatophyta|Tracheophyta|Magnoliophyta|Eudicots|Core Eudicots|Caryophyllales|Amaranthaceae|Chenopodium,Plantae,Magnoliophyta,,Caryophyllales,Amaranthaceae,Chenopodium pallescens,18051.0,Standl.,Chenopodium,,pallescens,,,,,Species,,,,,,,,D. Ekeji,,58/,7/11/1985,,1985.0,7.0,11.0,192.0,,,,Sandy soil,,Flowers white,,,,,,,,,,,,,,,,,,,,,,,United States,US,Oklahoma,Oklahoma,,Waterwood; 2nd Street on Waterwood,,0,,35.55149491,-97.4071989,,5000.0,,,,,False,Needs to be georeferenced. Coordinates based on county centroid. (OVPD),,,,,,,,,HRR (OVPD),3/30/2021 0:00,CSU1217,538,a093e59e-0617-4ba6-99d4-7f4236ca1127,https://portal.torcherbaria.org/portal/collections/individual/index.php?occid=32165312,Oklahoma,35.55149491,-97.4071989,False,Chenopodium pallescens,Chenopodium pallescens,S1,G5,
32165313,CSU,,,PreservedSpecimen,362b3eac-fc8c-11e7-aa6f-0f211099700c,,CSU1218,Plantae|Spermatophyta|Tracheophyta|Magnoliophyta|Eudicots|Core Eudicots|Caryophyllales|Amaranthaceae|Chenopodium,Plantae,Magnoliophyta,,Caryophyllales,Amaranthaceae,Chenopodium pallescens,18051.0,Standl.,Chenopodium,,pallescens,,,,,Species,,,,,,,,O. I. Cajetan,,76,7/5/1985,,1985.0,7.0,5.0,186.0,,,,,,Flowers in round dense cymes,,,,,,,,,,,,,,,,,,,,,,,United States,US,Oklahoma,Oklahoma,,Waterwood; opposite Sheraton Hotel on 2nd St on Waterwood,,0,,35.55149491,-97.4071989,,5000.0,,,,,False,Needs to be georeferenced. Coordinates based on county centroid. (OVPD),,,,,,,,,HRR (OVPD),3/30/2021 0:00,CSU1218,538,cd0d4a50-9a69-4f5b-8bdf-0b76629bd220,https://portal.torcherbaria.org/portal/collections/individual/index.php?occid=32165313,Oklahoma,35.55149491,-97.4071989,False,Chenopodium pallescens,Chenopodium pallescens,S1,G5,
32166662,CSU,,,PreservedSpecimen,3730f2b0-fc8c-11e7-8297-2f94825a1ab4,,CSU2454,Plantae|Spermatophyta|Tracheophyta|Magnoliophyta|Eudicots|Core Eudicots|Campanulids|Asterids|Asterales|Asteraceae|Hymenopappus,Plantae,Magnoliophyta,,Asterales,Asteraceae,Hymenopappus filifolius,3861.0,Hook.,Hymenopappus,,filifolius,,,,,Species,,,,,,,,M. Baker,,96,5/12/1968,,1968.0,5.0,12.0,133.0,,,,pasture,,,,,,,,,,,,,,,,,,,,,,,,,United States,US,Oklahoma,Oklahoma,,Edmond; 5 mi S of Edmond on 122nd Street,,0,,35.55149491,-97.4071989,,5000.0,,,,,False,Needs to be georeferenced. Coordinates based on county centroid. (OVPD),,,,,,,,,DLW (OVPD),3/30/2021 0:00,CSU2454,538,a6eed8d1-4ff3-46bf-834b-1d09eb9fe0a7,https://portal.torcherbaria.org/portal/collections/individual/index.php?occid=32166662,Oklahoma,35.55149491,-97.4071989,False,Hymenopappus filifolius,Hymenopappus filifolius,S1,G5,
32166693,CSU,,,PreservedSpecimen,58278a7e-fc8c-11e7-9407-bb1568746515,,CSU2482,Plantae|Spermatophyta|Tracheophyta|Magnoliophyta|Monocots|Asparagales|Amaryllidaceae|Hymenocallis,Plantae,Magnoliophyta,,Asparagales,Amaryllidaceae,Hymenocallis liriosme,47400.0,(Raf.) Shinners,Hymenocallis,,liriosme,,,,,Species,,,,,,,,B. Mahzouni,,25,4/19/2002,,2002.0,4.0,19.0,109.0,,,,roadside; common,,,,,,,,,,,,,,,,,,,,,,,,,United States,US,Oklahoma,Oklahoma,,Edmond; chartrand Avenue and crown intersection,,0,,35.55149491,-97.4071989,,5000.0,,,,,False,Needs to be georeferenced. Coordinates based on county centroid. (OVPD),,,,,,,,,VCK (OVPD),3/30/2021 0:00,CSU2482,538,dd6d5e06-285e-465d-8bdb-2c41a5d0c81e,https://portal.torcherbaria.org/portal/collections/individual/index.php?occid=32166693,Oklahoma,35.55149491,-97.4071989,False,Hymenocallis liriosme,Hymenocallis liriosme,S2,G4?,
32167295,CSU,,,PreservedSpecimen,3819f686-fc8c-11e7-81f8-ab229b82315d,,CSU3182,Plantae|Spermatophyta|Tracheophyta|Magnoliophyta|Eudicots|Core Eudicots|Campanulids|Asterids|Asterales|Asteraceae|Vernonia,Plantae,Magnoliophyta,,Asterales,Asteraceae,Vernonia missurica,18851.0,Raf.,Vernonia,,missurica,,,,,Species,,,,,,,,W. S. Meyers,,s.n.,9/11/1926,,1926.0,9.0,11.0,254.0,,,,,,,,,,,,,,,,,,,,,,,,,,,,,United States,US,Oklahoma,Oklahoma,,City; NE of City,,0,,35.55149491,-97.4071989,,5000.0,,,,,False,Needs to be georeferenced. Coordinates based on county centroid. (OVPD),,,,,,,,,HRR (OVPD),3/30/2021 0:00,CSU3182,538,6f846732-7189-4747-a9bf-a2f6a64a3a33,https://portal.torcherbaria.org/portal/collections/individual/index.php?occid=32167295,Oklahoma,35.55149491,-97.4071989,False,Vernonia missurica,Vernonia missurica,S2,G4G5,
32167514,CSU,,,PreservedSpecimen,372077b4-fc8c-11e7-ab56-1b062253d1cd,,CSU3451,Plantae|Spermatophyta|Tracheophyta|Magnoliophyta|Eudicots|Core Eudicots|Lamiids|Asterids|Solanales|Convolvulaceae|Ipomoea,Plantae,Magnoliophyta,,Solanales,Convolvulaceae,Ipomoea shumardiana,87701.0,(Torr.) Shinners,Ipomoea,,shumardiana,,,,,Species,,,,,,,,M. Malone,,70,7/8/1992,,1992.0,7.0,8.0,190.0,,,,open; disturbed field; with grasses; herbs; scattered trees; uncommon,,vining with pinkish corolla; dark red center,,,,,,,,,,,,,,,,,,,,,,,United States,US,Oklahoma,Oklahoma,,Edmond; SW corner of Edmond and Santa Fe roads,,0,,35.55149491,-97.4071989,,5000.0,,,,,False,Needs to be georeferenced. Coordinates based on county centroid. (OVPD),,,,,,,,,VCK (OVPD),3/30/2021 0:00,CSU3451,538,c7112218-62f5-451b-8de7-9e47a469e2f0,https://portal.torcherbaria.org/portal/collections/individual/index.php?occid=32167514,Oklahoma,35.55149491,-97.4071989,False,Ipomoea shumardiana,Ipomoea shumardiana,S2,G2,
32167764,CSU,,,PreservedSpecimen,5827d89e-fc8c-11e7-9ef3-036f5b238e5a,,CSU3685,Plantae|Spermatophyta|Tracheophyta|Magnoliophyta|Eudicots|Core Eudicots|Malvids|Rosids|Brassicales|Brassicaceae|Leavenworthia,Plantae,Magnoliophyta,,Brassicales,Brassicaceae,Leavenworthia aurea,113999.0,Torr.,Leavenworthia,,aurea,,,,,Species,,,,,,,,M. Babb,,91-93,4/21/2002,,2002.0,4.0,21.0,111.0,,,,"cracks of road, common",,,,,,,,,,,,,,,,,,,,,,,,,United States,US,Oklahoma,Oklahoma,,"Oklahoma City; corner of NW 39th Street and Mckinley Avenue, S side of road, Oklahoma City",,0,,35.55149491,-97.4071989,,5000.0,,,,,False,Needs to be georeferenced. Coordinates based on county centroid. (OVPD),,,,,,,,,VCK (OVPD),3/30/2021 0:00,CSU3685,538,41b864ae-d4d6-41e5-80f8-a405ab310dcf,https://portal.torcherbaria.org/portal/collections/individual/index.php?occid=32167764,Oklahoma,35.55149491,-97.4071989,False,Leavenworthia aurea,Leavenworthia aurea,S2,G2,
32168028,CSU,,,PreservedSpecimen,37c65710-fc8c-11e7-94b8-97b0bd5dfe7e,,CSU3931,Plantae|Spermatophyta|Tracheophyta|Magnoliophyta|Monocots|Commelinids|Poales|Cyperaceae|Carex,Plantae,Magnoliophyta,,Poales,Cyperaceae,Carex planostachys,914.0,Kunze,Carex,,planostachys,,,,,Species,,,,,,,,L. L. McBride,,15,2/20/2003,,2003.0,2.0,20.0,51.0,,,,Mowed lot,,,,,,,,,,,,,,,,,,,,,,,,,United States,US,Oklahoma,Oklahoma,,Edmond; SW corner of Covell and Broadway in Edmond,,0,,35.55149491,-97.4071989,,5000.0,,,,,False,Needs to be georeferenced. Coordinates based on county centroid. (OVPD),,,,,,,,,HRR (OVPD),3/30/2021 0:00,CSU3931,538,35f6dc1f-99d5-499c-a3a3-47fa44afee35,https://portal.torcherbaria.org/portal/collections/individual/index.php?occid=32168028,Oklahoma,35.55149491,-97.4071989,False,Carex planostachys,Carex planostachys,S2,G5,
32168029,CSU,,,PreservedSpecimen,37c65710-fc8c-11e7-b620-db2a2374088b,,CSU3932,Plantae|Spermatophyta|Tracheophyta|Magnoliophyta|Monocots|Commelinids|Poales|Cyperaceae|Carex,Plantae,Magnoliophyta,,Poales,Cyperaceae,Carex planostachys,914.0,Kunze,Carex,,planostachys,,,,,Species,,,,,,,,V. Vazquez,,22,3/16/2003,,2003.0,3.0,16.0,75.0,,,,Common on mowed lawn by housing edition [misspelled],,,,,,,,,,,,,,,,,,,,,,,,,United States,US,Oklahoma,Oklahoma,,Edmond; Glen Hollow and Covell Road Intersection in Edmond,,0,,35.55149491,-97.4071989,,5000.0,,,,,False,Needs to be georeferenced. Coordinates based on county centroid. (OVPD),,,,,,,,,HRR (OVPD),3/30/2021 0:00,CSU3932,538,ed2166ba-fd51-4f30-8f14-d95f76737ac6,https://portal.torcherbaria.org/portal/collections/individual/index.php?occid=32168029,Oklahoma,35.55149491,-97.4071989,False,Carex planostachys,Carex planostachys,S2,G5,
32169211,CSU,,,PreservedSpecimen,582a97c8-fc8c-11e7-a7f5-2f9ae64486f2,,CSU4990,Plantae|Spermatophyta|Tracheophyta|Magnoliophyta|Eudicots|Core Eudicots|Caryophyllales|Caryophyllaceae|Paronychia,Plantae,Magnoliophyta,,Caryophyllales,Caryophyllaceae,Paronychia sessiliflora,326.0,Nutt.,Paronychia,,sessiliflora,,,,,Species,,,,,,,,P. Pearson,,127,11/5/1978,,1978.0,11.0,5.0,309.0,,,,silty loam; streamside; wooded area,,,,,,,,,,,,,,,,,,,,,,,,,United States,US,Oklahoma,Oklahoma,,"Oklahoma City; Topping Park at 50 Street exit on Broadway extension, Oklahoma City",,0,,35.55149491,-97.4071989,,5000.0,,,,,False,Needs to be georeferenced. Coordinates based on county centroid. (OVPD),,,,,,,,,VCK (OVPD),3/30/2021 0:00,CSU4990,538,5ca4c893-ad6e-4f9a-b8f3-b0968c9315d8,https://portal.torcherbaria.org/portal/collections/individual/index.php?occid=32169211,Oklahoma,35.55149491,-97.4071989,False,Paronychia sessiliflora,Paronychia sessiliflora,S1,G5,
32170249,CSU,,,PreservedSpecimen,58295f48-fc8c-11e7-aa92-1383612cc94c,,CSU5908,Plantae|Spermatophyta|Tracheophyta|Magnoliophyta|Eudicots|Core Eudicots|Fabids|Rosids|Fabales|Fabaceae|Dalea,Plantae,Magnoliophyta,,Fabales,Fabaceae,Dalea nana,1556.0,Torr. ex A. Gray,Dalea,,nana,,,,,Species,,,,,,,,F. J. Winegardner,,42,6/27/1988,,1988.0,6.0,27.0,179.0,,,,Hard clay loam soil; full sun exposure; weather dry; end of farm pasture; scattered,,Flowers yellowish white; plants erect; 1'-1'6; fairly common,,,,,,,,,,,,,,,,,,,,,,,United States,US,Oklahoma,Oklahoma,,Edmond; 0.45 mi W and 0.35 mi N of the intersection of Luther Road and Memorial Road; E end of pasture,,0,,35.55149491,-97.4071989,,5000.0,,,,,False,Needs to be georeferenced. Coordinates based on county centroid. (OVPD),,,,,,,,,HRR (OVPD),3/30/2021 0:00,CSU5908,538,4351033b-4749-48f1-b8b2-4e69b0540f93,https://portal.torcherbaria.org/portal/collections/individual/index.php?occid=32170249,Oklahoma,35.55149491,-97.4071989,False,Dalea nana,Dalea nana,S1,G5,
32170662,CSU,,,PreservedSpecimen,582b8228-fc8c-11e7-9cd5-e3893a6e0c40,,CSU6287,Plantae|Spermatophyta|Tracheophyta|Magnoliophyta|Eudicots|Core Eudicots|Campanulids|Asterids|Asterales|Asteraceae|Pseudoclappia,Plantae,Magnoliophyta,,Asterales,Asteraceae,Pseudoclappia arenaria,18630.0,Rydb.,Pseudoclappia,,arenaria,,,,,Species,,,,,,,,L. Williams,,68,6/29/1974,,1974.0,6.0,29.0,180.0,,,,,,,,,,,,,,,,,,,,,,,,,,,,,United States,US,Oklahoma,Oklahoma,,Edmond; 1 mi W of Edmond on 33rd,,0,,35.55149491,-97.4071989,,5000.0,,,,,False,Needs to be georeferenced. Coordinates based on county centroid. (OVPD),,,,,,,,,VCK (OVPD),3/30/2021 0:00,CSU6287,538,1b928810-48c2-4683-8928-2859831d5154,https://portal.torcherbaria.org/portal/collections/individual/index.php?occid=32170662,Oklahoma,35.55149491,-97.4071989,False,Pseudoclappia arenaria,Pseudoclappia arenaria,SH,G3,
32170726,CSU,,,PreservedSpecimen,582c1e72-fc8c-11e7-86d4-0fca04282760,,CSU6344,Plantae|Spermatophyta|Tracheophyta|Magnoliophyta|Eudicots|Core Eudicots|Fabids|Rosids|Rosales|Rhamnaceae|Rhamnus,Plantae,Magnoliophyta,,Rosales,Rhamnaceae,Rhamnus lanceolata,98001.0,Pursh,Rhamnus,,lanceolata,,,,,Species,,,,,,,,S. M. Tilley,,37,6/28/1998,,1998.0,6.0,28.0,179.0,,,,,,vine yellow; leaves trifoliate,,,,,,,,,,,,,,,,,,,,,,,United States,US,Oklahoma,Oklahoma,,"Indian Meridian; E on Hwy 66, then N on Indian Meridian 1.4 mi on the right side of the road",,0,,35.55149491,-97.4071989,,5000.0,,,,,False,Needs to be georeferenced. Coordinates based on county centroid. (OVPD),,,,,,,,,VCK (OVPD),3/30/2021 0:00,CSU6344,538,ff210c45-e438-4ff0-980f-4e05e59e15f8,https://portal.torcherbaria.org/portal/collections/individual/index.php?occid=32170726,Oklahoma,35.55149491,-97.4071989,False,Rhamnus lanceolata,Rhamnus lanceolata,S1,G5,
32170727,CSU,,,PreservedSpecimen,582bf762-fc8c-11e7-a406-d3816bf133c1,,CSU6345,Plantae|Spermatophyta|Tracheophyta|Magnoliophyta|Eudicots|Core Eudicots|Fabids|Rosids|Rosales|Rhamnaceae|Rhamnus,Plantae,Magnoliophyta,,Rosales,Rhamnaceae,Rhamnus lanceolata,98001.0,Pursh,Rhamnus,,lanceolata,,,,,Species,,,,,,,,B. Ferguson,,64,6/20/1988,,1988.0,6.0,20.0,172.0,,,,moist; sandy soil,,shade twinning; leaves compound; W/3 leaflets; flowers yellow zygomorphic; pubescent,,,,,,,,,,,,,,,,,,,,,,,United States,US,Oklahoma,Oklahoma,,Oklahoma County; 100 yards E of intersection of NE 10th Street and Choctaw road (drainage ditch),,0,,35.55149491,-97.4071989,,5000.0,,,,,False,Needs to be georeferenced. Coordinates based on county centroid. (OVPD),,,,,,,,,VCK (OVPD),3/30/2021 0:00,CSU6345,538,cbe9cbf2-401f-4038-bfde-fcca57b228c9,https://portal.torcherbaria.org/portal/collections/individual/index.php?occid=32170727,Oklahoma,35.55149491,-97.4071989,False,Rhamnus lanceolata,Rhamnus lanceolata,S1,G5,
32170728,CSU,,,PreservedSpecimen,582bf762-fc8c-11e7-94d1-c764132f936c,,CSU6346,Plantae|Spermatophyta|Tracheophyta|Magnoliophyta|Eudicots|Core Eudicots|Fabids|Rosids|Rosales|Rhamnaceae|Rhamnus,Plantae,Magnoliophyta,,Rosales,Rhamnaceae,Rhamnus lanceolata,98001.0,Pursh,Rhamnus,,lanceolata,,,,,Species,,,,,,,,S. Stevens,,60,6/13/1988,,1988.0,6.0,13.0,165.0,,,,tall grass prairie,,,,,,,,,,,,,,,,,,,,,,,,,United States,US,Oklahoma,Oklahoma,,Tinker; collected 0.5 mi E of Tinker and 0.5 mi S of I-40 in Oklahoma City,,0,,35.55149491,-97.4071989,,5000.0,,,,,False,Needs to be georeferenced. Coordinates based on county centroid. (OVPD),,,,,,,,,VCK (OVPD),3/30/2021 0:00,CSU6346,538,29723800-1eb1-4c4c-afd2-01c133844094,https://portal.torcherbaria.org/portal/collections/individual/index.php?occid=32170728,Oklahoma,35.55149491,-97.4071989,False,Rhamnus lanceolata,Rhamnus lanceolata,S1,G5,
32170731,CSU,,,PreservedSpecimen,582bd048-fc8c-11e7-9b25-ffdc4695e9f4,,CSU6349,Plantae|Spermatophyta|Tracheophyta|Magnoliophyta|Eudicots|Core Eudicots|Fabids|Rosids|Rosales|Rhamnaceae|Rhamnus,Plantae,Magnoliophyta,,Rosales,Rhamnaceae,Rhamnus lanceolata,98001.0,Pursh,Rhamnus,,lanceolata,,,,,Species,,,,,,,,T. Woodard,,66,7/14/1985,,1985.0,7.0,14.0,195.0,,,,sandy soil; dry; well drained,,,,,,,,,,,,,,,,,,,,,,,,,United States,US,Oklahoma,Oklahoma,,Oklahoma County; Faircloud Road and Danforth in planned housing area,,0,,35.55149491,-97.4071989,,5000.0,,,,,False,Needs to be georeferenced. Coordinates based on county centroid. (OVPD),,,,,,,,,VCK (OVPD),3/30/2021 0:00,CSU6349,538,af03a8c3-08d2-4d45-8702-5549db35c192,https://portal.torcherbaria.org/portal/collections/individual/index.php?occid=32170731,Oklahoma,35.55149491,-97.4071989,False,Rhamnus lanceolata,Rhamnus lanceolata,S1,G5,
32170734,CSU,,,PreservedSpecimen,582ba938-fc8c-11e7-8642-ffa284348434,,CSU6351,Plantae|Spermatophyta|Tracheophyta|Magnoliophyta|Eudicots|Core Eudicots|Fabids|Rosids|Rosales|Rhamnaceae|Rhamnus,Plantae,Magnoliophyta,,Rosales,Rhamnaceae,Rhamnus lanceolata,98001.0,Pursh,Rhamnus,,lanceolata,,,,,Species,,,,,,,,O. I. Cajetan,,78,7/5/1985,,1985.0,7.0,5.0,186.0,,,,old priarie farm,,corolla pinkish,,,,,,,,,,,,,,,,,,,,,,,United States,US,Oklahoma,Oklahoma,,Bryant; collected on Bryant on Campbell,,0,,35.55149491,-97.4071989,,5000.0,,,,,False,Needs to be georeferenced. Coordinates based on county centroid. (OVPD),,,,,,,,,VCK (OVPD),3/30/2021 0:00,CSU6351,538,f3796742-f3fe-4a09-8e23-b4ee2efb2281,https://portal.torcherbaria.org/portal/collections/individual/index.php?occid=32170734,Oklahoma,35.55149491,-97.4071989,False,Rhamnus lanceolata,Rhamnus lanceolata,S1,G5,
32172528,CSU,,,PreservedSpecimen,38c8afaa-fc8c-11e7-86bf-cbfc6e9f8cb7,,CSU8143,Plantae|Spermatophyta|Tracheophyta|Magnoliophyta|Eudicots|Core Eudicots|Caryophyllales|Polygonaceae|Rumex,Plantae,Magnoliophyta,,Caryophyllales,Polygonaceae,Rumex verticillatus,18667.0,L.,Rumex,,verticillatus,,,,,Species,,,,,,,,D. A. Gardner,,62,7/15/1992,,1992.0,7.0,15.0,197.0,,,,Field; common,,Flowers green and small,,,,,,,,,,,,,,,,,,,,,,,United States,US,Oklahoma,Oklahoma,,Edmond; 0.25 mi S of Westminister and Covell Road on Covell Road,,0,,35.55149491,-97.4071989,,5000.0,,,,,False,Needs to be georeferenced. Coordinates based on county centroid. (OVPD),,,,,,,,,HRR (OVPD),3/30/2021 0:00,CSU8143,538,5a364b28-3098-4e4f-91d6-387b403f6ea6,https://portal.torcherbaria.org/portal/collections/individual/index.php?occid=32172528,Oklahoma,35.55149491,-97.4071989,False,Rumex verticillatus,Rumex verticillatus,S3,G5,
32172529,CSU,,,PreservedSpecimen,38c88890-fc8c-11e7-befa-872c25ee9339,,CSU8144,Plantae|Spermatophyta|Tracheophyta|Magnoliophyta|Eudicots|Core Eudicots|Caryophyllales|Polygonaceae|Rumex,Plantae,Magnoliophyta,,Caryophyllales,Polygonaceae,Rumex verticillatus,18667.0,L.,Rumex,,verticillatus,,,,,Species,,,,,,,,O. I. Cajetan,,12,6/15/1985,,1985.0,6.0,15.0,166.0,,,,Waterlogged area on old farm,,,,,,,,,,,,,,,,,,,,,,,,,United States,US,Oklahoma,Oklahoma,,Edmond; 2nd Street on Waterwood behind Pizza Inn in Edmond,,0,,35.55149491,-97.4071989,,5000.0,,,,,False,Needs to be georeferenced. Coordinates based on county centroid. (OVPD),,,,,,,,,HRR (OVPD),3/30/2021 0:00,CSU8144,538,575e2038-7c53-4e0b-853f-fb87eacb4a24,https://portal.torcherbaria.org/portal/collections/individual/index.php?occid=32172529,Oklahoma,35.55149491,-97.4071989,False,Rumex verticillatus,Rumex verticillatus,S3,G5,
32172530,CSU,,,PreservedSpecimen,38c88890-fc8c-11e7-a821-87f1bfb449b4,,CSU8145,Plantae|Spermatophyta|Tracheophyta|Magnoliophyta|Eudicots|Core Eudicots|Caryophyllales|Polygonaceae|Rumex,Plantae,Magnoliophyta,,Caryophyllales,Polygonaceae,Rumex verticillatus,18667.0,L.,Rumex,,verticillatus,,,,,Species,,,,,,,,D. Ekeji,,17,6/15/1985,,1985.0,6.0,15.0,166.0,,,,Found on waterlogg area,,,,,,,,,,,,,,,,,,,,,,,,,United States,US,Oklahoma,Oklahoma,,Edmond; 2nd Street on Waterwood behind Pizza Inn in Edmond,,0,,35.55149491,-97.4071989,,5000.0,,,,,False,Needs to be georeferenced. Coordinates based on county centroid. (OVPD),,,,,,,,,HRR (OVPD),3/30/2021 0:00,CSU8145,538,cc4f4274-a3b7-4a32-9998-0587e1ce4e57,https://portal.torcherbaria.org/portal/collections/individual/index.php?occid=32172530,Oklahoma,35.55149491,-97.4071989,False,Rumex verticillatus,Rumex verticillatus,S3,G5,
32172640,CSU,,,PreservedSpecimen,582c6c92-fc8c-11e7-8f46-2f7710156d10,,CSU8224,Plantae|Spermatophyta|Tracheophyta|Magnoliophyta|Eudicots|Core Eudicots|Asterids|Ericales|Ericaceae|Monotropa,Plantae,Magnoliophyta,,Ericales,Ericaceae,Monotropa uniflora,27867.0,L.,Monotropa,,uniflora,,,,,Species,,,,,,,,R. D. Hodges,,10,7/15/1960,,1960.0,7.0,15.0,197.0,,,,,,convulsion root- fits-root [verbatim],,,,,,,,,,,,,,,,,,,,,,,United States,US,Oklahoma,Oklahoma,,Oklahoma City; 3 mi E of Oklahoma City,,0,,35.55149491,-97.4071989,,5000.0,,,,,False,Needs to be georeferenced. Coordinates based on county centroid. (OVPD),,,,,,,,,DLW (OVPD),3/30/2021 0:00,CSU8224,538,2cb551b7-e197-4abf-95f3-0fdb0bfad595,https://portal.torcherbaria.org/portal/collections/individual/index.php?occid=32172640,Oklahoma,35.55149491,-97.4071989,False,Monotropa uniflora,Monotropa uniflora,S2,G5,
32173324,CSU,,,PreservedSpecimen,5685e24c-fc8c-11e7-9e56-9b0e26c97456,,CSU8881,Plantae|Spermatophyta|Tracheophyta|Magnoliophyta|Eudicots|Core Eudicots|Lamiids|Asterids|Lamiales|Plantaginaceae|Penstemon,Plantae,Magnoliophyta,,Lamiales,Plantaginaceae,Penstemon oklahomensis,94505.0,Pennell,Penstemon,,oklahomensis,,,,,Species,,,,,,,,J. B. Combs,,47,5/6/1971,,1971.0,5.0,6.0,126.0,,,,"in coarse, sandy, red soil along fence row; disturbed",,,,,,,,,,,,,,,,,,,,,,,,,United States,US,Oklahoma,Oklahoma,,Edmond; 4.5 mi W of Edmond on Edmond Road,,0,,35.55149491,-97.4071989,,5000.0,,,,,False,Needs to be georeferenced. Coordinates based on county centroid. (OVPD),,,,,,,,,DLW (OVPD),3/30/2021 0:00,CSU8881,538,00d6ec33-5ed1-4759-a5ea-a230e8eb6302,https://portal.torcherbaria.org/portal/collections/individual/index.php?occid=32173324,Oklahoma,35.55149491,-97.4071989,False,Penstemon oklahomensis,Penstemon oklahomensis,S3,G3,
32173340,CSU,,,PreservedSpecimen,3952f048-fc8c-11e7-b708-03fe6d807cbf,,CSU8896,Plantae|Spermatophyta|Tracheophyta|Magnoliophyta|Eudicots|Core Eudicots|Lamiids|Asterids|Lamiales|Plantaginaceae|Penstemon,Plantae,Magnoliophyta,,Lamiales,Plantaginaceae,Penstemon oklahomensis,94505.0,Pennell,Penstemon,,oklahomensis,,,,,Species,,,,,,,,D. G. Johnson,,22,5/10/1960,,1960.0,5.0,10.0,131.0,,,,in ditch,,,,,,,,,,,,,,,,,,,,,,,,,United States,US,Oklahoma,Oklahoma,,"Oklahoma City; NW Oklahoma City, off NW Highway",,0,,35.55149491,-97.4071989,,5000.0,,,,,False,Needs to be georeferenced. Coordinates based on county centroid. (OVPD),,,,,,,,,DLW (OVPD),3/30/2021 0:00,CSU8896,538,e88bfcbd-1e45-4dbe-ab93-f263a518d099,https://portal.torcherbaria.org/portal/collections/individual/index.php?occid=32173340,Oklahoma,35.55149491,-97.4071989,False,Penstemon oklahomensis,Penstemon oklahomensis,S3,G3,
32167483,CSU,,,PreservedSpecimen,37213b04-fc8c-11e7-8819-1fd9ff07bc94,,CSU3444,Plantae|Spermatophyta|Tracheophyta|Magnoliophyta|Eudicots|Core Eudicots|Lamiids|Asterids|Solanales|Convolvulaceae|Ipomoea,Plantae,Magnoliophyta,,Solanales,Convolvulaceae,Ipomoea shumardiana,87701.0,(Torr.) Shinners,Ipomoea,,shumardiana,,,,,Species,,,,,,,,K. Randell,,31,7/8/1994,,1994.0,7.0,8.0,189.0,,,,shady muddy roadside on large vine,,,,,,,,,,,,,,,,,,,,,,,,,United States,US,Oklahoma,Osage,,Hwy jct; 5 mi E of jct 177 on Hwy 177,,0,,36.62919133,-96.39846767,,5000.0,,,,,False,Needs to be georeferenced. Coordinates based on county centroid. (OVPD),,,,,,,,,VCK (OVPD),3/30/2021 0:00,CSU3444,538,8490bc9d-afa3-4e38-82ef-6559bc207306,https://portal.torcherbaria.org/portal/collections/individual/index.php?occid=32167483,Osage,36.62919133,-96.39846767,False,Ipomoea shumardiana,Ipomoea shumardiana,S2,G2,
30966275,CSU,,,PreservedSpecimen,,CSU116724,CSU18177,Plantae|Spermatophyta|Tracheophyta|Magnoliophyta|Eudicots|Core Eudicots|Lamiids|Asterids|Lamiales|Plantaginaceae|Penstemon,Plantae,Magnoliophyta,,Lamiales,Plantaginaceae,Penstemon oklahomensis,94505.0,Pennell,Penstemon,,oklahomensis,,,,,Species,,,,,,,,J. Messick,,2022-46,5/20/2022,,2022.0,5.0,20.0,140.0,,5/20/2022,,,,,,,,,,,,,,,,,,,,,,,,,,,United States,US,Oklahoma,Payne,,"Cushing; S side of pond N of the pasture NE of intersection of E 9th and N3530 Rd, Cushing OK",,0,,,,,,,,,,,,,,,,,,,,gpayne00,6/28/2025 0:20,,538,48721947-a9d8-45b7-bc06-093db11e6efc,https://portal.torcherbaria.org/portal/collections/individual/index.php?occid=30966275,Payne,36.07737668236071,-96.9756169666291,Assigned,Penstemon oklahomensis,Penstemon oklahomensis,S3,G3,
32173847,CSU,,,PreservedSpecimen,397015a6-fc8c-11e7-bbe5-0f7f9f4117b5,,CSU9332,Plantae|Spermatophyta|Tracheophyta|Magnoliophyta|Eudicots|Core Eudicots|Fabids|Rosids|Rosales|Ulmaceae|Planera,Plantae,Magnoliophyta,,Rosales,Ulmaceae,Planera aquatica,117558.0,J.F. Gmel.,Planera,,aquatica,,,,,Species,,,,,,,,"E. L. Little, Jr. and C. E. Olmsted",,173,6/8/1930,,1930.0,6.0,8.0,159.0,,,,uncut floodplain forest near Little River,,,,,,,,,,,,,,,,,,,,,,,,,United States,US,Oklahoma,Pushmataha,,"Ludlow; along road W of Ludlow, near Little River",,0,,34.41620172,-95.37579469,,5000.0,,,,,False,Needs to be georeferenced. Coordinates based on county centroid. (OVPD),,,,,,,,,DLW (OVPD),3/30/2021 0:00,CSU9332,538,d73ab3c4-ceea-4c59-8440-a6b0a4c0a183,https://portal.torcherbaria.org/portal/collections/individual/index.php?occid=32173847,Pushmataha,34.41620172,-95.37579469,False,Planera aquatica,Planera aquatica,S2,G5,
32174499,CSU,,,PreservedSpecimen,38ee1286-fc8c-11e7-a965-53ac0605e2e2,,CSU9937,Plantae|Spermatophyta|Tracheophyta|Magnoliophyta|Eudicots|Core Eudicots|Vitales|Vitaceae|Vitis,Plantae,Magnoliophyta,,Vitales,Vitaceae,Vitis rupestris,105342.0,Scheele,Vitis,,rupestris,,,,,Species,,,,,,,,L. McDonald,,s.n.,7/5/1937,,1937.0,7.0,5.0,186.0,,,,,,,,,,,,,,,,,,,,,,,,,,,,,United States,US,Oklahoma,Pushmataha,,"Tuskahoma; in Kiamichi Mountains, near Tuskahoma",,0,,34.41620172,-95.37579469,,5000.0,,,,,False,Needs to be georeferenced. Coordinates based on county centroid. (OVPD),,,,,,,,,DLW (OVPD),3/30/2021 0:00,CSU9937,538,dfc1d644-afa2-4089-a219-d7ed4a2c51d4,https://portal.torcherbaria.org/portal/collections/individual/index.php?occid=32174499,Pushmataha,34.41620172,-95.37579469,False,Vitis rupestris,Vitis rupestris,S2,G3,
33138277,CSU,,,PreservedSpecimen,,CSU116989,CSU18429,Plantae|Spermatophyta|Tracheophyta|Magnoliophyta|Eudicots|Core Eudicots|Fabids|Rosids|Fabales|Fabaceae|Baptisia,Plantae,Magnoliophyta,,Fabales,Fabaceae,Baptisia nuttalliana,50723.0,Small,Baptisia,,nuttalliana,,,,,Species,,,,,,,,Marie E. B. Stone,,4,5/21/2023,,2023.0,5.0,21.0,141.0,,5/21/2023,,wild flower patch,,,,,,,,,,,,,,,,,,,,,,,,,United States,US,Oklahoma,Pushmataha,,"S Side of Hwy 271, W of N4440 Road",,0,,34.646828,-95.131131,,,34.646827999999999 -95.131130999999996,,,,,,,,,,,,,,Rhys,4/23/2025 2:12,,538,b62de973-3bf4-4c4f-8dac-07f8a1b7fca4,https://portal.torcherbaria.org/portal/collections/individual/index.php?occid=33138277,Pushmataha,34.646828,-95.131131,Assigned,Baptisia nuttalliana,Baptisia nuttalliana,S3,G5,
32169501,CSU,,,PreservedSpecimen,37c2fb9c-fc8c-11e7-aa46-1789b580a4cd,,CSU5251,Plantae|Spermatophyta|Tracheophyta|Magnoliophyta|Monocots|Asparagales|Iridaceae|Iris,Plantae,Magnoliophyta,,Asparagales,Iridaceae,Iris cristata,87786.0,Aiton,Iris,,cristata,,,,,Species,,,,,,,,V. E. Wiedeman,,331,4/18/1961,,1961.0,4.0,18.0,108.0,,,,Oak and Hickory forest,,,,,,,,,,,,,,,,,,,,,,,,,United States,US,Oklahoma,Sequoyah,,Nicut; 4 mi N of Nicut on County road,,0,,35.49535549,-94.75524317,,5000.0,,,,,False,Needs to be georeferenced. Coordinates based on county centroid. (OVPD),,,,,,,,,HRR (OVPD),3/30/2021 0:00,CSU5251,538,b5b0659e-cdfd-4c49-9b94-124d47ada85a,https://portal.torcherbaria.org/portal/collections/individual/index.php?occid=32169501,Sequoyah,35.49535549,-94.75524317,False,Iris cristata,Iris cristata,S3,G5,
32166632,CSU,,,PreservedSpecimen,37325240-fc8c-11e7-8e7a-37436297296d,,CSU2426,Plantae|Spermatophyta|Tracheophyta|Magnoliophyta|Eudicots|Core Eudicots|Campanulids|Asterids|Asterales|Asteraceae|Helianthus,Plantae,Magnoliophyta,,Asterales,Asteraceae,Helianthus salicifolius,86428.0,A. Dietr.,Helianthus,,salicifolius,,,,,Species,,,,,,,,D. Demaree,,4516,10/9/1927,,1927.0,10.0,9.0,282.0,,,,,,,,,,,,,,,,,,,,,,,,,,,,,United States,US,Oklahoma,Washington,,"Ramona; vicinity of Ramona, 26 mi N of Tulsa",,0,,36.71520675,-95.90440751,,5000.0,,,,,False,Needs to be georeferenced. Coordinates based on county centroid. (OVPD),,,,,,,,,DLW (OVPD),3/30/2021 0:00,CSU2426,538,e60a0527-e7c9-4408-ba0c-20c6586a96f6,https://portal.torcherbaria.org/portal/collections/individual/index.php?occid=32166632,Washington,36.71520675,-95.90440751,False,Helianthus salicifolius,Helianthus salicifolius,S2,G4,
32172865,CSU,,,PreservedSpecimen,3884eee6-fc8c-11e7-a912-5bac5e02d3aa,,CSU8429,Plantae|Spermatophyta|Tracheophyta|Magnoliophyta|Eudicots|Core Eudicots|Fabids|Rosids|Rosales|Rosaceae|Rubus,Plantae,Magnoliophyta,,Rosales,Rosaceae,Rubus allegheniensis,98731.0,Porter,Rubus,,allegheniensis,,,,,Species,,,,,,,,M. Hamilton,,60,6/18/1994,,1994.0,6.0,18.0,169.0,,,,prairie,,small reddish-purple berries; prickles on stem,,,,,,,,,,,,,,,,,,,,,,,United States,US,Oklahoma,Washington,,Ramona; 3.5 mi E of Ramona on road 400 between roads 32 and 33,,0,,36.71520675,-95.90440751,,5000.0,,,,,False,Needs to be georeferenced. Coordinates based on county centroid. (OVPD),,,,,,,,,DLW (OVPD),3/30/2021 0:00,CSU8429,538,7d7734a9-6cf4-4373-938f-9cb77728e303,https://portal.torcherbaria.org/portal/collections/individual/index.php?occid=32172865,Washington,36.71520675,-95.90440751,False,Rubus allegheniensis,Rubus allegheniensis,S3,G5,
32166506,CSU,,,PreservedSpecimen,58267904-fc8c-11e7-9af7-5f713d8ae382,,CSU231,Plantae|Spermatophyta|Tracheophyta|Magnoliophyta|Eudicots|Ranunculales|Ranunculaceae|Ranunculus,Plantae,Magnoliophyta,,Ranunculales,Ranunculaceae,Ranunculus flabellaris,49209.0,Raf.,Ranunculus,,flabellaris,,,,,Species,,,,,,,,E. J. Mobley,,37,6/17/1994,,1994.0,6.0,17.0,168.0,,,,,,shrub; fruits red berries,,,,,,,,,,,,,,,,,,,,,,,United States,US,Oklahoma,Woods,,"State Hwy; 100 yards N of Cimarron River on state Hwy 14, S of Little Sahara State Park",,0,,36.76693768,-98.86511717,,5000.0,,,,,False,Needs to be georeferenced. Coordinates based on county centroid. (OVPD),,,,,,,,,VCK (OVPD),3/30/2021 0:00,CSU231,538,8109274b-cb38-49e9-9cb0-18494e621738,https://portal.torcherbaria.org/portal/collections/individual/index.php?occid=32166506,Woods,36.76693768,-98.86511717,False,Ranunculus flabellaris,Ranunculus flabellaris,SH,G5,
32166517,CSU,,,PreservedSpecimen,582651f4-fc8c-11e7-8a58-ab4abc001374,,CSU232,Plantae|Spermatophyta|Tracheophyta|Magnoliophyta|Eudicots|Ranunculales|Ranunculaceae|Ranunculus,Plantae,Magnoliophyta,,Ranunculales,Ranunculaceae,Ranunculus flabellaris,49209.0,Raf.,Ranunculus,,flabellaris,,,,,Species,,,,,,,,M. Hamilton,,54,6/17/1994,,1994.0,6.0,17.0,168.0,,,,collected on roadside,,shrub with small red berries,,,,,,,,,,,,,,,,,,,,,,,United States,US,Oklahoma,Woods,,Cimarron River; 100 yards N of Cimarron River on Hwy 14,,0,,36.76693768,-98.86511717,,5000.0,,,,,False,Needs to be georeferenced. Coordinates based on county centroid. (OVPD),,,,,,,,,VCK (OVPD),3/30/2021 0:00,CSU232,538,0a761d1b-9caf-471a-a9d7-5a851a692ac1,https://portal.torcherbaria.org/portal/collections/individual/index.php?occid=32166517,Woods,36.76693768,-98.86511717,False,Ranunculus flabellaris,Ranunculus flabellaris,SH,G5,
32168358,CSU,,,PreservedSpecimen,37c98b6a-fc8c-11e7-8ce8-53173e77c2d1,,CSU4235,Plantae|Spermatophyta|Tracheophyta|Magnoliophyta|Eudicots|Core Eudicots|Fabids|Rosids|Malpighiales|Euphorbiaceae|Euphorbia,Plantae,Magnoliophyta,,Malpighiales,Euphorbiaceae,Euphorbia carunculata,64640.0,Waterf.,Euphorbia,,carunculata,,,,,Species,,,,,,,,G. J. Goodman,,4948,10/9/1948,,1948.0,10.0,9.0,283.0,,,,On the sand dunes near the river,,,,,,,,,,,,,,,,,,,,,,,,,United States,US,Oklahoma,Woods,,Waynoka; 2 mi S of Waynoka; Cimarron River,,0,,36.76693768,-98.86511717,,5000.0,,,,,False,Needs to be georeferenced. Coordinates based on county centroid. (OVPD),,,,,,,,,HRR (OVPD),3/30/2021 0:00,CSU4235,538,a49e207a-ccce-4f17-889c-7d78644a3c61,https://portal.torcherbaria.org/portal/collections/individual/index.php?occid=32168358,Woods,36.76693768,-98.86511717,False,Euphorbia carunculata,Euphorbia carunculata,SH,G3G4,
32168359,CSU,,,PreservedSpecimen,37c51e86-fc8c-11e7-a6d6-9b2a22d41b63,,CSU4236,Plantae|Spermatophyta|Tracheophyta|Magnoliophyta|Eudicots|Core Eudicots|Fabids|Rosids|Malpighiales|Euphorbiaceae|Euphorbia,Plantae,Magnoliophyta,,Malpighiales,Euphorbiaceae,Euphorbia carunculata,64640.0,Waterf.,Euphorbia,,carunculata,,,,,Species,,,,,,,,G. J. Goodman and R. W. Kelting,,5329,8/17/1950,,1950.0,8.0,17.0,229.0,,,,Common,,,,,,,,,,,,,,,,,,,,,,,,,United States,US,Oklahoma,Woods,,Waynoka Dunes,,0,,36.76693768,-98.86511717,,5000.0,,,,,False,Needs to be georeferenced. Coordinates based on county centroid. (OVPD),,,,,,,,,HRR (OVPD),3/30/2021 0:00,CSU4236,538,bac508c5-2548-465e-a45f-251d0bbca862,https://portal.torcherbaria.org/portal/collections/individual/index.php?occid=32168359,Woods,36.76693768,-98.86511717,False,Euphorbia carunculata,Euphorbia carunculata,SH,G3G4,
32164966,CSU,,,PreservedSpecimen,390878b0-fc8c-11e7-9b5f-df4df300004d,,CSU10474,Plantae|Spermatophyta|Tracheophyta|Magnoliophyta|Eudicots|Core Eudicots|Lamiids|Asterids|Lamiales|Plantaginaceae|Penstemon,Plantae,Magnoliophyta,,Lamiales,Plantaginaceae,Penstemon fendleri,3269.0,Torr. & A. Gray,Penstemon,,fendleri,,,,,Species,,,,,,,,R. R. Buckallew and G. M. Caddell,,894,8/6/2000,,2000.0,8.0,6.0,219.0,,,,rare in grassland,,flowers white,,,,,,,,,,,,,,,,,,,,,,,United States,US,Oklahoma,Woodward,,Selman Living Laboratory,,0,,36.68908408,-99.2863187,,5000.0,,,,,False,Coordinates based on TRS centroid. (OVPD),,,,,,,,,DLW (OVPD),3/30/2021 0:00,CSU10474,538,111b97b3-e03f-46e4-95de-ffe8ebdd8328,https://portal.torcherbaria.org/portal/collections/individual/index.php?occid=32164966,Woodward,36.68908408,-99.2863187,False,Penstemon fendleri,Penstemon fendleri,S3,G5,
33232040,CSU,,,PreservedSpecimen,,CSU117539,CSU18978,Plantae|Spermatophyta|Tracheophyta|Magnoliophyta|Monocots|Commelinids|Poales|Cyperaceae|Carex,Plantae,Magnoliophyta,,Poales,Cyperaceae,Carex fissa,76275.0,Mack.,Carex,,fissa,,,,,Species,G. P.,6/9/2023,,,,,,G. P.,,s. n.,6/9/2023,,2023.0,6.0,9.0,160.0,,6/9/2023,,,,,,,,,,,,,,,,,,,,,,,,,,,United States,US,Oklahoma,Woodward,,Selman Living Lab near array #2 in Freedom,,0,,,,,,,,,,,,,,,,,,,,Sshort,6/28/2025 0:20,,538,3d2d06bd-e9a7-4f53-bc97-20c3584e2b4a,https://portal.torcherbaria.org/portal/collections/individual/index.php?occid=33232040,Woodward,36.42255136734259,-99.26518484722746,Assigned,Carex fissa,Carex fissa,S3,G4?,
